Executing action: all (aliases: build)
Running make in directory /home/erbj/lvgl-projects/lvgl_esp32_template/build
Executing "make -j 22 all"...
-- Building ESP-IDF components for target esp32s3
NOTICE: 
Following dependencies have new versions available:
Dependency "esp-idf-lib/i2cdev": "2.1.1" -> "2.1.2"
Consider running "idf.py update-dependencies" to update your lock file.
NOTICE: Processing 7 dependencies:
NOTICE: [1/7] esp-idf-lib/esp_idf_lib_helpers (1.4.0)
NOTICE: [2/7] esp-idf-lib/i2cdev (2.1.1)
NOTICE: [3/7] esp-idf-lib/ina219 (1.0.7)
NOTICE: [4/7] espressif/esp_lcd_touch (1.2.1)
NOTICE: [5/7] espressif/esp_lcd_touch_gt911 (1.2.0~1)
NOTICE: [6/7] lvgl/lvgl (9.3.0)
NOTICE: [7/7] idf (5.1.6)
-- i2cdev: ESP-IDF v5.1 detected, using legacy driver
-- i2cdev: Compiling with legacy I2C driver (i2cdev_legacy.c)
-- Project sdkconfig file /home/erbj/lvgl-projects/lvgl_esp32_template/sdkconfig
Loading defaults file /home/erbj/lvgl-projects/lvgl_esp32_template/sdkconfig.defaults...
Compiler supported targets: xtensa-esp32s3-elf

-- Could NOT find Threads (missing: Threads_FOUND) 
-- App "lvgl_porting" version: 4b28ca06-dirty
-- Adding linker script /home/erbj/lvgl-projects/lvgl_esp32_template/build/esp-idf/esp_system/ld/memory.ld
-- Adding linker script /home/erbj/esp/v5.1.6/esp-idf/components/esp_system/ld/esp32s3/sections.ld.in
-- Adding linker script /home/erbj/esp/v5.1.6/esp-idf/components/esp_rom/esp32s3/ld/esp32s3.rom.ld
-- Adding linker script /home/erbj/esp/v5.1.6/esp-idf/components/esp_rom/esp32s3/ld/esp32s3.rom.api.ld
-- Adding linker script /home/erbj/esp/v5.1.6/esp-idf/components/esp_rom/esp32s3/ld/esp32s3.rom.bt_funcs.ld
-- Adding linker script /home/erbj/esp/v5.1.6/esp-idf/components/esp_rom/esp32s3/ld/esp32s3.rom.libgcc.ld
-- Adding linker script /home/erbj/esp/v5.1.6/esp-idf/components/esp_rom/esp32s3/ld/esp32s3.rom.newlib.ld
-- Adding linker script /home/erbj/esp/v5.1.6/esp-idf/components/esp_rom/esp32s3/ld/esp32s3.rom.version.ld
-- Adding linker script /home/erbj/esp/v5.1.6/esp-idf/components/soc/esp32s3/ld/esp32s3.peripherals.ld
-- i2cdev: ESP-IDF v5.1 detected, using legacy driver
-- i2cdev: Compiling with legacy I2C driver (i2cdev_legacy.c)
-- Components: app_trace app_update bootloader bootloader_support bt cmock console cxx driver efuse esp-idf-lib__esp_idf_lib_helpers esp-idf-lib__i2cdev esp-idf-lib__ina219 esp-tls esp_adc esp_app_format esp_coex esp_common esp_eth esp_event esp_gdbstub esp_hid esp_http_client esp_http_server esp_https_ota esp_https_server esp_hw_support esp_lcd esp_local_ctrl esp_mm esp_netif esp_netif_stack esp_partition esp_phy esp_pm esp_psram esp_ringbuf esp_rom esp_system esp_timer esp_wifi espcoredump espressif__esp_lcd_touch espressif__esp_lcd_touch_gt911 esptool_py fatfs freertos hal heap http_parser idf_test ieee802154 json log lvgl__lvgl lwip main mbedtls mqtt newlib nvs_flash openthread partition_table perfmon protobuf-c protocomm pthread sdmmc soc spi_flash spiffs tcp_transport touch_element ulp unity usb vfs wear_levelling wifi_provisioning wpa_supplicant xtensa
-- Component paths: /home/erbj/esp/v5.1.6/esp-idf/components/app_trace /home/erbj/esp/v5.1.6/esp-idf/components/app_update /home/erbj/esp/v5.1.6/esp-idf/components/bootloader /home/erbj/esp/v5.1.6/esp-idf/components/bootloader_support /home/erbj/esp/v5.1.6/esp-idf/components/bt /home/erbj/esp/v5.1.6/esp-idf/components/cmock /home/erbj/esp/v5.1.6/esp-idf/components/console /home/erbj/esp/v5.1.6/esp-idf/components/cxx /home/erbj/esp/v5.1.6/esp-idf/components/driver /home/erbj/esp/v5.1.6/esp-idf/components/efuse /home/erbj/lvgl-projects/lvgl_esp32_template/managed_components/esp-idf-lib__esp_idf_lib_helpers /home/erbj/lvgl-projects/lvgl_esp32_template/managed_components/esp-idf-lib__i2cdev /home/erbj/lvgl-projects/lvgl_esp32_template/managed_components/esp-idf-lib__ina219 /home/erbj/esp/v5.1.6/esp-idf/components/esp-tls /home/erbj/esp/v5.1.6/esp-idf/components/esp_adc /home/erbj/esp/v5.1.6/esp-idf/components/esp_app_format /home/erbj/esp/v5.1.6/esp-idf/components/esp_coex /home/erbj/esp/v5.1.6/esp-idf/components/esp_common /home/erbj/esp/v5.1.6/esp-idf/components/esp_eth /home/erbj/esp/v5.1.6/esp-idf/components/esp_event /home/erbj/esp/v5.1.6/esp-idf/components/esp_gdbstub /home/erbj/esp/v5.1.6/esp-idf/components/esp_hid /home/erbj/esp/v5.1.6/esp-idf/components/esp_http_client /home/erbj/esp/v5.1.6/esp-idf/components/esp_http_server /home/erbj/esp/v5.1.6/esp-idf/components/esp_https_ota /home/erbj/esp/v5.1.6/esp-idf/components/esp_https_server /home/erbj/esp/v5.1.6/esp-idf/components/esp_hw_support /home/erbj/esp/v5.1.6/esp-idf/components/esp_lcd /home/erbj/esp/v5.1.6/esp-idf/components/esp_local_ctrl /home/erbj/esp/v5.1.6/esp-idf/components/esp_mm /home/erbj/esp/v5.1.6/esp-idf/components/esp_netif /home/erbj/esp/v5.1.6/esp-idf/components/esp_netif_stack /home/erbj/esp/v5.1.6/esp-idf/components/esp_partition /home/erbj/esp/v5.1.6/esp-idf/components/esp_phy /home/erbj/esp/v5.1.6/esp-idf/components/esp_pm /home/erbj/esp/v5.1.6/esp-idf/components/esp_psram /home/erbj/esp/v5.1.6/esp-idf/components/esp_ringbuf /home/erbj/esp/v5.1.6/esp-idf/components/esp_rom /home/erbj/esp/v5.1.6/esp-idf/components/esp_system /home/erbj/esp/v5.1.6/esp-idf/components/esp_timer /home/erbj/esp/v5.1.6/esp-idf/components/esp_wifi /home/erbj/esp/v5.1.6/esp-idf/components/espcoredump /home/erbj/lvgl-projects/lvgl_esp32_template/managed_components/espressif__esp_lcd_touch /home/erbj/lvgl-projects/lvgl_esp32_template/managed_components/espressif__esp_lcd_touch_gt911 /home/erbj/esp/v5.1.6/esp-idf/components/esptool_py /home/erbj/esp/v5.1.6/esp-idf/components/fatfs /home/erbj/esp/v5.1.6/esp-idf/components/freertos /home/erbj/esp/v5.1.6/esp-idf/components/hal /home/erbj/esp/v5.1.6/esp-idf/components/heap /home/erbj/esp/v5.1.6/esp-idf/components/http_parser /home/erbj/esp/v5.1.6/esp-idf/components/idf_test /home/erbj/esp/v5.1.6/esp-idf/components/ieee802154 /home/erbj/esp/v5.1.6/esp-idf/components/json /home/erbj/esp/v5.1.6/esp-idf/components/log /home/erbj/lvgl-projects/lvgl_esp32_template/managed_components/lvgl__lvgl /home/erbj/esp/v5.1.6/esp-idf/components/lwip /home/erbj/lvgl-projects/lvgl_esp32_template/main /home/erbj/esp/v5.1.6/esp-idf/components/mbedtls /home/erbj/esp/v5.1.6/esp-idf/components/mqtt /home/erbj/esp/v5.1.6/esp-idf/components/newlib /home/erbj/esp/v5.1.6/esp-idf/components/nvs_flash /home/erbj/esp/v5.1.6/esp-idf/components/openthread /home/erbj/esp/v5.1.6/esp-idf/components/partition_table /home/erbj/esp/v5.1.6/esp-idf/components/perfmon /home/erbj/esp/v5.1.6/esp-idf/components/protobuf-c /home/erbj/esp/v5.1.6/esp-idf/components/protocomm /home/erbj/esp/v5.1.6/esp-idf/components/pthread /home/erbj/esp/v5.1.6/esp-idf/components/sdmmc /home/erbj/esp/v5.1.6/esp-idf/components/soc /home/erbj/esp/v5.1.6/esp-idf/components/spi_flash /home/erbj/esp/v5.1.6/esp-idf/components/spiffs /home/erbj/esp/v5.1.6/esp-idf/components/tcp_transport /home/erbj/esp/v5.1.6/esp-idf/components/touch_element /home/erbj/esp/v5.1.6/esp-idf/components/ulp /home/erbj/esp/v5.1.6/esp-idf/components/unity /home/erbj/esp/v5.1.6/esp-idf/components/usb /home/erbj/esp/v5.1.6/esp-idf/components/vfs /home/erbj/esp/v5.1.6/esp-idf/components/wear_levelling /home/erbj/esp/v5.1.6/esp-idf/components/wifi_provisioning /home/erbj/esp/v5.1.6/esp-idf/components/wpa_supplicant /home/erbj/esp/v5.1.6/esp-idf/components/xtensa
-- Configuring done (1.8s)
-- Generating done (0.3s)
-- Build files have been written to: /home/erbj/lvgl-projects/lvgl_esp32_template/build
[  0%] Generating ../../partition_table/partition-table.bin
[  0%] Generating memory.ld linker script...
[  0%] Generating project_elf_src_esp32s3.c
[  0%] Built target custom_bundle
[  0%] Built target memory_ld
[  0%] Built target _project_elf_src
Partition table binary generated. Contents:
*******************************************************************************
[  0%] Building C object esp-idf/ulp/CMakeFiles/__idf_ulp.dir/ulp_common/ulp_common.c.obj
[  0%] Building C object esp-idf/ulp/CMakeFiles/__idf_ulp.dir/ulp_common/ulp_adc.c.obj
# ESP-IDF Partition Table
# Name, Type, SubType, Offset, Size, Flags
nvs,data,nvs,0x9000,24K,
phy_init,data,phy,0xf000,4K,
factory,app,factory,0x10000,1M,
*******************************************************************************
[  0%] Built target partition_table_bin
[  0%] Linking C static library libulp.a
[  0%] Creating directories for 'bootloader'
[  0%] No download step for 'bootloader'
[  0%] Built target __idf_ulp
[  0%] Building C object esp-idf/esp_psram/CMakeFiles/__idf_esp_psram.dir/esp32s3/esp_psram_impl_octal.c.obj
[  0%] Building C object esp-idf/esp_psram/CMakeFiles/__idf_esp_psram.dir/esp_psram.c.obj
[  0%] Building C object esp-idf/esp_psram/CMakeFiles/__idf_esp_psram.dir/mmu_psram_flash.c.obj
[  0%] No update step for 'bootloader'
[  0%] No patch step for 'bootloader'
[  0%] Performing configure step for 'bootloader'
[  0%] Linking C static library libesp_psram.a
[  0%] Built target __idf_esp_psram
[  0%] Building C object esp-idf/esp_https_ota/CMakeFiles/__idf_esp_https_ota.dir/src/esp_https_ota.c.obj
[  0%] Linking C static library libesp_https_ota.a
[  0%] Built target __idf_esp_https_ota
[  0%] Building C object esp-idf/esp_http_server/CMakeFiles/__idf_esp_http_server.dir/src/httpd_main.c.obj
[  0%] Building C object esp-idf/esp_http_server/CMakeFiles/__idf_esp_http_server.dir/src/httpd_parse.c.obj
[  0%] Building C object esp-idf/esp_http_server/CMakeFiles/__idf_esp_http_server.dir/src/httpd_txrx.c.obj
[  0%] Building C object esp-idf/esp_http_server/CMakeFiles/__idf_esp_http_server.dir/src/httpd_ws.c.obj
[  0%] Building C object esp-idf/esp_http_server/CMakeFiles/__idf_esp_http_server.dir/src/util/ctrl_sock.c.obj
[  0%] Building C object esp-idf/esp_http_server/CMakeFiles/__idf_esp_http_server.dir/src/httpd_sess.c.obj
[  0%] Building C object esp-idf/esp_http_server/CMakeFiles/__idf_esp_http_server.dir/src/httpd_uri.c.obj
[  0%] Linking C static library libesp_http_server.a
-- Building ESP-IDF components for target esp32s3
[  0%] Built target __idf_esp_http_server
[  0%] Building C object esp-idf/esp_http_client/CMakeFiles/__idf_esp_http_client.dir/esp_http_client.c.obj
[  0%] Building C object esp-idf/esp_http_client/CMakeFiles/__idf_esp_http_client.dir/lib/http_header.c.obj
[  1%] Building C object esp-idf/esp_http_client/CMakeFiles/__idf_esp_http_client.dir/lib/http_auth.c.obj
[  1%] Building C object esp-idf/esp_http_client/CMakeFiles/__idf_esp_http_client.dir/lib/http_utils.c.obj
[  1%] Linking C static library libesp_http_client.a
[  1%] Built target __idf_esp_http_client
[  2%] Building C object esp-idf/tcp_transport/CMakeFiles/__idf_tcp_transport.dir/transport_internal.c.obj
[  2%] Building C object esp-idf/tcp_transport/CMakeFiles/__idf_tcp_transport.dir/transport.c.obj
[  2%] Building C object esp-idf/tcp_transport/CMakeFiles/__idf_tcp_transport.dir/transport_socks_proxy.c.obj
[  2%] Building C object esp-idf/tcp_transport/CMakeFiles/__idf_tcp_transport.dir/transport_ws.c.obj
[  2%] Building C object esp-idf/tcp_transport/CMakeFiles/__idf_tcp_transport.dir/transport_ssl.c.obj
[  2%] Linking C static library libtcp_transport.a
[  2%] Built target __idf_tcp_transport
[  2%] Building C object esp-idf/esp_gdbstub/CMakeFiles/__idf_esp_gdbstub.dir/src/gdbstub_transport.c.obj
[  2%] Building C object esp-idf/esp_gdbstub/CMakeFiles/__idf_esp_gdbstub.dir/src/port/xtensa/gdbstub_xtensa.c.obj
[  2%] Building C object esp-idf/esp_gdbstub/CMakeFiles/__idf_esp_gdbstub.dir/src/gdbstub.c.obj
[  2%] Building C object esp-idf/esp_gdbstub/CMakeFiles/__idf_esp_gdbstub.dir/src/packet.c.obj
[  2%] Building ASM object esp-idf/esp_gdbstub/CMakeFiles/__idf_esp_gdbstub.dir/src/port/xtensa/xt_debugexception.S.obj
[  2%] Building ASM object esp-idf/esp_gdbstub/CMakeFiles/__idf_esp_gdbstub.dir/src/port/xtensa/gdbstub-entry.S.obj
[  2%] Linking C static library libesp_gdbstub.a
[  2%] Built target __idf_esp_gdbstub
[  3%] Building C object esp-idf/esp_eth/CMakeFiles/__idf_esp_eth.dir/src/esp_eth_phy_802_3.c.obj
[  3%] Building C object esp-idf/esp_eth/CMakeFiles/__idf_esp_eth.dir/src/esp_eth_netif_glue.c.obj
[  3%] Building C object esp-idf/esp_eth/CMakeFiles/__idf_esp_eth.dir/src/esp_eth.c.obj
-- Project sdkconfig file /home/erbj/lvgl-projects/lvgl_esp32_template/sdkconfig
[  3%] Linking C static library libesp_eth.a
Compiler supported targets: xtensa-esp32s3-elf

[  3%] Built target __idf_esp_eth
[  4%] Building C object esp-idf/esp_adc/CMakeFiles/__idf_esp_adc.dir/adc_oneshot.c.obj
[  4%] Building C object esp-idf/esp_adc/CMakeFiles/__idf_esp_adc.dir/adc_common.c.obj
[  4%] Building C object esp-idf/esp_adc/CMakeFiles/__idf_esp_adc.dir/adc_cali.c.obj
[  4%] Building C object esp-idf/esp_adc/CMakeFiles/__idf_esp_adc.dir/adc_filter.c.obj
[  4%] Building C object esp-idf/esp_adc/CMakeFiles/__idf_esp_adc.dir/adc_continuous.c.obj
[  4%] Building C object esp-idf/esp_adc/CMakeFiles/__idf_esp_adc.dir/esp32s3/curve_fitting_coefficients.c.obj
[  4%] Building C object esp-idf/esp_adc/CMakeFiles/__idf_esp_adc.dir/adc_cali_curve_fitting.c.obj
[  4%] Building C object esp-idf/esp_adc/CMakeFiles/__idf_esp_adc.dir/deprecated/esp_adc_cal_common_legacy.c.obj
[  4%] Building C object esp-idf/esp_adc/CMakeFiles/__idf_esp_adc.dir/deprecated/esp32s3/esp_adc_cal_legacy.c.obj
-- Adding linker script /home/erbj/esp/v5.1.6/esp-idf/components/soc/esp32s3/ld/esp32s3.peripherals.ld
-- App "bootloader" version: v5.1.6-dirty
-- Adding linker script /home/erbj/esp/v5.1.6/esp-idf/components/esp_rom/esp32s3/ld/esp32s3.rom.ld
-- Adding linker script /home/erbj/esp/v5.1.6/esp-idf/components/esp_rom/esp32s3/ld/esp32s3.rom.api.ld
-- Adding linker script /home/erbj/esp/v5.1.6/esp-idf/components/esp_rom/esp32s3/ld/esp32s3.rom.bt_funcs.ld
-- Adding linker script /home/erbj/esp/v5.1.6/esp-idf/components/esp_rom/esp32s3/ld/esp32s3.rom.libgcc.ld
-- Adding linker script /home/erbj/esp/v5.1.6/esp-idf/components/esp_rom/esp32s3/ld/esp32s3.rom.newlib.ld
-- Adding linker script /home/erbj/esp/v5.1.6/esp-idf/components/bootloader/subproject/main/ld/esp32s3/bootloader.ld
-- Adding linker script /home/erbj/esp/v5.1.6/esp-idf/components/bootloader/subproject/main/ld/esp32s3/bootloader.rom.ld
[  4%] Linking C static library libesp_adc.a
-- Components: bootloader bootloader_support efuse esp_app_format esp_common esp_hw_support esp_rom esp_system esptool_py freertos hal log main micro-ecc newlib partition_table soc spi_flash xtensa
-- Component paths: /home/erbj/esp/v5.1.6/esp-idf/components/bootloader /home/erbj/esp/v5.1.6/esp-idf/components/bootloader_support /home/erbj/esp/v5.1.6/esp-idf/components/efuse /home/erbj/esp/v5.1.6/esp-idf/components/esp_app_format /home/erbj/esp/v5.1.6/esp-idf/components/esp_common /home/erbj/esp/v5.1.6/esp-idf/components/esp_hw_support /home/erbj/esp/v5.1.6/esp-idf/components/esp_rom /home/erbj/esp/v5.1.6/esp-idf/components/esp_system /home/erbj/esp/v5.1.6/esp-idf/components/esptool_py /home/erbj/esp/v5.1.6/esp-idf/components/freertos /home/erbj/esp/v5.1.6/esp-idf/components/hal /home/erbj/esp/v5.1.6/esp-idf/components/log /home/erbj/esp/v5.1.6/esp-idf/components/bootloader/subproject/main /home/erbj/esp/v5.1.6/esp-idf/components/bootloader/subproject/components/micro-ecc /home/erbj/esp/v5.1.6/esp-idf/components/newlib /home/erbj/esp/v5.1.6/esp-idf/components/partition_table /home/erbj/esp/v5.1.6/esp-idf/components/soc /home/erbj/esp/v5.1.6/esp-idf/components/spi_flash /home/erbj/esp/v5.1.6/esp-idf/components/xtensa
-- Configuring done (1.0s)
[  4%] Built target __idf_esp_adc
[  4%] Building C object esp-idf/esp-tls/CMakeFiles/__idf_esp-tls.dir/esp_tls_error_capture.c.obj
[  4%] Building C object esp-idf/esp-tls/CMakeFiles/__idf_esp-tls.dir/esp_tls_mbedtls.c.obj
[  4%] Building C object esp-idf/esp-tls/CMakeFiles/__idf_esp-tls.dir/esp_tls.c.obj
[  4%] Building C object esp-idf/esp-tls/CMakeFiles/__idf_esp-tls.dir/esp-tls-crypto/esp_tls_crypto.c.obj
[  4%] Building C object esp-idf/esp-tls/CMakeFiles/__idf_esp-tls.dir/esp_tls_platform_port.c.obj
-- Generating done (0.0s)
-- Build files have been written to: /home/erbj/lvgl-projects/lvgl_esp32_template/build/bootloader
[  4%] Performing build step for 'bootloader'
[  0%] Built target _project_elf_src
[  3%] Built target __idf_log
[ 14%] Built target __idf_esp_rom
[ 16%] Built target __idf_esp_common
[ 25%] Built target __idf_esp_hw_support
[  4%] Linking C static library libesp-tls.a
[ 26%] Built target __idf_esp_system
[  4%] Built target __idf_esp-tls
[ 35%] Built target __idf_efuse
[  4%] Building C object esp-idf/http_parser/CMakeFiles/__idf_http_parser.dir/http_parser.c.obj
[ 55%] Built target __idf_bootloader_support
[ 57%] Built target __idf_esp_app_format
[ 59%] Built target __idf_spi_flash
[ 65%] Built target __idf_hal
[ 68%] Built target __idf_micro-ecc
[ 90%] Built target __idf_soc
[ 93%] Built target __idf_xtensa
[ 95%] Built target __idf_main
[ 96%] Linking C executable bootloader.elf
[  4%] Linking C static library libhttp_parser.a
[ 98%] Built target bootloader.elf
[  4%] Built target __idf_http_parser
[100%] Generating binary image from built executable
[  4%] Building C object esp-idf/esp_wifi/CMakeFiles/__idf_esp_wifi.dir/src/mesh_event.c.obj
[  4%] Building C object esp-idf/esp_wifi/CMakeFiles/__idf_esp_wifi.dir/src/wifi_netif.c.obj
[  4%] Building C object esp-idf/esp_wifi/CMakeFiles/__idf_esp_wifi.dir/src/wifi_default.c.obj
[  4%] Building C object esp-idf/esp_wifi/CMakeFiles/__idf_esp_wifi.dir/src/smartconfig.c.obj
[  4%] Building C object esp-idf/esp_wifi/CMakeFiles/__idf_esp_wifi.dir/src/wifi_init.c.obj
[  4%] Building C object esp-idf/esp_wifi/CMakeFiles/__idf_esp_wifi.dir/src/wifi_default_ap.c.obj
[  4%] Building C object esp-idf/esp_wifi/CMakeFiles/__idf_esp_wifi.dir/src/smartconfig_ack.c.obj
[  4%] Building C object esp-idf/esp_wifi/CMakeFiles/__idf_esp_wifi.dir/esp32s3/esp_adapter.c.obj
esptool.py v4.11.0
Creating esp32s3 image...
Merged 1 ELF section
Successfully created esp32s3 image.
[  4%] Linking C static library libesp_wifi.a
Generated /home/erbj/lvgl-projects/lvgl_esp32_template/build/bootloader/bootloader.bin
[100%] Built target gen_project_binary
[  4%] Built target __idf_esp_wifi
[  4%] Building C object esp-idf/esp_coex/CMakeFiles/__idf_esp_coex.dir/esp32s3/esp_coex_adapter.c.obj
Bootloader binary size 0x5790 bytes. 0x2870 bytes (32%) free.
[  4%] Building C object esp-idf/esp_coex/CMakeFiles/__idf_esp_coex.dir/src/coexist_debug_diagram.c.obj
[  4%] Building C object esp-idf/esp_coex/CMakeFiles/__idf_esp_coex.dir/src/coexist_debug.c.obj
[100%] Built target bootloader_check_size
[100%] Built target app
[  4%] No install step for 'bootloader'
[  4%] Linking C static library libesp_coex.a
[  4%] Completed 'bootloader'
[  4%] Built target __idf_esp_coex
[  4%] Built target bootloader
[  4%] Building C object esp-idf/wpa_supplicant/CMakeFiles/__idf_wpa_supplicant.dir/src/ap/ap_config.c.obj
[  4%] Building C object esp-idf/wpa_supplicant/CMakeFiles/__idf_wpa_supplicant.dir/port/eloop.c.obj
[  4%] Building C object esp-idf/wpa_supplicant/CMakeFiles/__idf_wpa_supplicant.dir/src/ap/sta_info.c.obj
[  4%] Building C object esp-idf/wpa_supplicant/CMakeFiles/__idf_wpa_supplicant.dir/src/ap/comeback_token.c.obj
[  4%] Building C object esp-idf/wpa_supplicant/CMakeFiles/__idf_wpa_supplicant.dir/src/common/dragonfly.c.obj
[  4%] Building C object esp-idf/wpa_supplicant/CMakeFiles/__idf_wpa_supplicant.dir/src/ap/ieee802_11.c.obj
[  4%] Building C object esp-idf/wpa_supplicant/CMakeFiles/__idf_wpa_supplicant.dir/src/common/sae.c.obj
[  4%] Building C object esp-idf/wpa_supplicant/CMakeFiles/__idf_wpa_supplicant.dir/src/common/wpa_common.c.obj
[  4%] Building C object esp-idf/wpa_supplicant/CMakeFiles/__idf_wpa_supplicant.dir/port/os_xtensa.c.obj
[  4%] Building C object esp-idf/wpa_supplicant/CMakeFiles/__idf_wpa_supplicant.dir/src/ap/ieee802_1x.c.obj
[  4%] Building C object esp-idf/wpa_supplicant/CMakeFiles/__idf_wpa_supplicant.dir/src/crypto/sha256-kdf.c.obj
[  4%] Building C object esp-idf/wpa_supplicant/CMakeFiles/__idf_wpa_supplicant.dir/src/ap/wpa_auth.c.obj
[  4%] Building C object esp-idf/wpa_supplicant/CMakeFiles/__idf_wpa_supplicant.dir/src/ap/pmksa_cache_auth.c.obj
[  4%] Building C object esp-idf/wpa_supplicant/CMakeFiles/__idf_wpa_supplicant.dir/src/ap/wpa_auth_ie.c.obj
[  4%] Building C object esp-idf/wpa_supplicant/CMakeFiles/__idf_wpa_supplicant.dir/src/utils/bitfield.c.obj
[  4%] Building C object esp-idf/wpa_supplicant/CMakeFiles/__idf_wpa_supplicant.dir/src/crypto/dh_group5.c.obj
[  5%] Building C object esp-idf/wpa_supplicant/CMakeFiles/__idf_wpa_supplicant.dir/src/crypto/aes-gcm.c.obj
[  5%] Building C object esp-idf/wpa_supplicant/CMakeFiles/__idf_wpa_supplicant.dir/src/crypto/ccmp.c.obj
[  5%] Building C object esp-idf/wpa_supplicant/CMakeFiles/__idf_wpa_supplicant.dir/src/crypto/dh_groups.c.obj
[  5%] Building C object esp-idf/wpa_supplicant/CMakeFiles/__idf_wpa_supplicant.dir/src/crypto/crypto_ops.c.obj
[  5%] Building C object esp-idf/wpa_supplicant/CMakeFiles/__idf_wpa_supplicant.dir/src/crypto/aes-siv.c.obj
[  5%] Building C object esp-idf/wpa_supplicant/CMakeFiles/__idf_wpa_supplicant.dir/src/crypto/ms_funcs.c.obj
[  5%] Building C object esp-idf/wpa_supplicant/CMakeFiles/__idf_wpa_supplicant.dir/src/crypto/sha1-tlsprf.c.obj
[  5%] Building C object esp-idf/wpa_supplicant/CMakeFiles/__idf_wpa_supplicant.dir/src/crypto/sha256-tlsprf.c.obj
[  5%] Building C object esp-idf/wpa_supplicant/CMakeFiles/__idf_wpa_supplicant.dir/src/crypto/sha384-tlsprf.c.obj
[  5%] Building C object esp-idf/wpa_supplicant/CMakeFiles/__idf_wpa_supplicant.dir/src/crypto/sha256-prf.c.obj
[  5%] Building C object esp-idf/wpa_supplicant/CMakeFiles/__idf_wpa_supplicant.dir/src/crypto/sha1-prf.c.obj
[  5%] Building C object esp-idf/wpa_supplicant/CMakeFiles/__idf_wpa_supplicant.dir/src/crypto/md4-internal.c.obj
[  5%] Building C object esp-idf/wpa_supplicant/CMakeFiles/__idf_wpa_supplicant.dir/src/crypto/sha1-tprf.c.obj
[  5%] Building C object esp-idf/wpa_supplicant/CMakeFiles/__idf_wpa_supplicant.dir/src/common/ieee802_11_common.c.obj
[  5%] Building C object esp-idf/wpa_supplicant/CMakeFiles/__idf_wpa_supplicant.dir/src/crypto/sha384-prf.c.obj
[  5%] Building C object esp-idf/wpa_supplicant/CMakeFiles/__idf_wpa_supplicant.dir/src/eap_common/eap_wsc_common.c.obj
[  5%] Building C object esp-idf/wpa_supplicant/CMakeFiles/__idf_wpa_supplicant.dir/src/eap_peer/chap.c.obj
[  5%] Building C object esp-idf/wpa_supplicant/CMakeFiles/__idf_wpa_supplicant.dir/src/eap_peer/eap.c.obj
[  5%] Building C object esp-idf/wpa_supplicant/CMakeFiles/__idf_wpa_supplicant.dir/src/eap_peer/eap_common.c.obj
[  6%] Building C object esp-idf/wpa_supplicant/CMakeFiles/__idf_wpa_supplicant.dir/src/eap_peer/eap_mschapv2.c.obj
[  6%] Building C object esp-idf/wpa_supplicant/CMakeFiles/__idf_wpa_supplicant.dir/src/eap_peer/eap_peap_common.c.obj
[  6%] Building C object esp-idf/wpa_supplicant/CMakeFiles/__idf_wpa_supplicant.dir/src/eap_peer/eap_peap.c.obj
[  6%] Building C object esp-idf/wpa_supplicant/CMakeFiles/__idf_wpa_supplicant.dir/src/eap_peer/eap_tls.c.obj
[  6%] Building C object esp-idf/wpa_supplicant/CMakeFiles/__idf_wpa_supplicant.dir/src/eap_peer/eap_tls_common.c.obj
[  6%] Building C object esp-idf/wpa_supplicant/CMakeFiles/__idf_wpa_supplicant.dir/src/eap_peer/eap_ttls.c.obj
[  6%] Building C object esp-idf/wpa_supplicant/CMakeFiles/__idf_wpa_supplicant.dir/src/eap_peer/eap_fast.c.obj
[  6%] Building C object esp-idf/wpa_supplicant/CMakeFiles/__idf_wpa_supplicant.dir/src/eap_peer/mschapv2.c.obj
[  6%] Building C object esp-idf/wpa_supplicant/CMakeFiles/__idf_wpa_supplicant.dir/src/eap_peer/eap_fast_common.c.obj
[  6%] Building C object esp-idf/wpa_supplicant/CMakeFiles/__idf_wpa_supplicant.dir/src/eap_peer/eap_fast_pac.c.obj
[  6%] Building C object esp-idf/wpa_supplicant/CMakeFiles/__idf_wpa_supplicant.dir/src/rsn_supp/pmksa_cache.c.obj
[  6%] Building C object esp-idf/wpa_supplicant/CMakeFiles/__idf_wpa_supplicant.dir/src/rsn_supp/wpa.c.obj
[  6%] Building C object esp-idf/wpa_supplicant/CMakeFiles/__idf_wpa_supplicant.dir/src/rsn_supp/wpa_ie.c.obj
[  6%] Building C object esp-idf/wpa_supplicant/CMakeFiles/__idf_wpa_supplicant.dir/src/utils/base64.c.obj
[  6%] Building C object esp-idf/wpa_supplicant/CMakeFiles/__idf_wpa_supplicant.dir/src/utils/ext_password.c.obj
[  6%] Building C object esp-idf/wpa_supplicant/CMakeFiles/__idf_wpa_supplicant.dir/src/utils/common.c.obj
[  6%] Building C object esp-idf/wpa_supplicant/CMakeFiles/__idf_wpa_supplicant.dir/src/utils/uuid.c.obj
[  6%] Building C object esp-idf/wpa_supplicant/CMakeFiles/__idf_wpa_supplicant.dir/src/utils/wpabuf.c.obj
[  7%] Building C object esp-idf/wpa_supplicant/CMakeFiles/__idf_wpa_supplicant.dir/src/utils/wpa_debug.c.obj
[  7%] Building C object esp-idf/wpa_supplicant/CMakeFiles/__idf_wpa_supplicant.dir/src/utils/json.c.obj
[  7%] Building C object esp-idf/wpa_supplicant/CMakeFiles/__idf_wpa_supplicant.dir/src/wps/wps.c.obj
[  7%] Building C object esp-idf/wpa_supplicant/CMakeFiles/__idf_wpa_supplicant.dir/src/wps/wps_attr_parse.c.obj
[  7%] Building C object esp-idf/wpa_supplicant/CMakeFiles/__idf_wpa_supplicant.dir/src/wps/wps_attr_build.c.obj
[  7%] Building C object esp-idf/wpa_supplicant/CMakeFiles/__idf_wpa_supplicant.dir/src/wps/wps_attr_process.c.obj
[  7%] Building C object esp-idf/wpa_supplicant/CMakeFiles/__idf_wpa_supplicant.dir/src/wps/wps_common.c.obj
[  7%] Building C object esp-idf/wpa_supplicant/CMakeFiles/__idf_wpa_supplicant.dir/src/wps/wps_enrollee.c.obj
[  7%] Building C object esp-idf/wpa_supplicant/CMakeFiles/__idf_wpa_supplicant.dir/src/wps/wps_dev_attr.c.obj
[  7%] Building C object esp-idf/wpa_supplicant/CMakeFiles/__idf_wpa_supplicant.dir/src/common/sae_pk.c.obj
[  7%] Building C object esp-idf/wpa_supplicant/CMakeFiles/__idf_wpa_supplicant.dir/esp_supplicant/src/esp_eap_client.c.obj
[  7%] Building C object esp-idf/wpa_supplicant/CMakeFiles/__idf_wpa_supplicant.dir/esp_supplicant/src/esp_wpa2_api_port.c.obj
[  7%] Building C object esp-idf/wpa_supplicant/CMakeFiles/__idf_wpa_supplicant.dir/esp_supplicant/src/esp_wpas_glue.c.obj
[  7%] Building C object esp-idf/wpa_supplicant/CMakeFiles/__idf_wpa_supplicant.dir/esp_supplicant/src/esp_wpa_main.c.obj
[  7%] Building C object esp-idf/wpa_supplicant/CMakeFiles/__idf_wpa_supplicant.dir/esp_supplicant/src/esp_common.c.obj
[  7%] Building C object esp-idf/wpa_supplicant/CMakeFiles/__idf_wpa_supplicant.dir/esp_supplicant/src/esp_wps.c.obj
[  7%] Building C object esp-idf/wpa_supplicant/CMakeFiles/__idf_wpa_supplicant.dir/esp_supplicant/src/esp_wpa3.c.obj
[  8%] Building C object esp-idf/wpa_supplicant/CMakeFiles/__idf_wpa_supplicant.dir/esp_supplicant/src/esp_owe.c.obj
[  8%] Building C object esp-idf/wpa_supplicant/CMakeFiles/__idf_wpa_supplicant.dir/esp_supplicant/src/crypto/tls_mbedtls.c.obj
[  8%] Building C object esp-idf/wpa_supplicant/CMakeFiles/__idf_wpa_supplicant.dir/esp_supplicant/src/esp_hostap.c.obj
[  8%] Building C object esp-idf/wpa_supplicant/CMakeFiles/__idf_wpa_supplicant.dir/esp_supplicant/src/crypto/fastpbkdf2.c.obj
[  8%] Building C object esp-idf/wpa_supplicant/CMakeFiles/__idf_wpa_supplicant.dir/esp_supplicant/src/crypto/crypto_mbedtls.c.obj
[  8%] Building C object esp-idf/wpa_supplicant/CMakeFiles/__idf_wpa_supplicant.dir/esp_supplicant/src/crypto/crypto_mbedtls-bignum.c.obj
[  8%] Building C object esp-idf/wpa_supplicant/CMakeFiles/__idf_wpa_supplicant.dir/esp_supplicant/src/crypto/crypto_mbedtls-rsa.c.obj
[  8%] Building C object esp-idf/wpa_supplicant/CMakeFiles/__idf_wpa_supplicant.dir/src/crypto/rc4.c.obj
[  8%] Building C object esp-idf/wpa_supplicant/CMakeFiles/__idf_wpa_supplicant.dir/esp_supplicant/src/crypto/crypto_mbedtls-ec.c.obj
[  8%] Building C object esp-idf/wpa_supplicant/CMakeFiles/__idf_wpa_supplicant.dir/src/crypto/des-internal.c.obj
[  8%] Building C object esp-idf/wpa_supplicant/CMakeFiles/__idf_wpa_supplicant.dir/src/crypto/aes-unwrap.c.obj
[  8%] Building C object esp-idf/wpa_supplicant/CMakeFiles/__idf_wpa_supplicant.dir/src/crypto/aes-wrap.c.obj
[  8%] Building C object esp-idf/wpa_supplicant/CMakeFiles/__idf_wpa_supplicant.dir/src/crypto/aes-ccm.c.obj
[  8%] Linking C static library libwpa_supplicant.a
[  8%] Built target __idf_wpa_supplicant
[  8%] Building C object esp-idf/esp_netif/CMakeFiles/__idf_esp_netif.dir/esp_netif_objects.c.obj
[  8%] Building C object esp-idf/esp_netif/CMakeFiles/__idf_esp_netif.dir/lwip/esp_netif_lwip_defaults.c.obj
[  8%] Building C object esp-idf/esp_netif/CMakeFiles/__idf_esp_netif.dir/lwip/netif/ethernetif.c.obj
[  8%] Building C object esp-idf/esp_netif/CMakeFiles/__idf_esp_netif.dir/lwip/netif/wlanif.c.obj
[  8%] Building C object esp-idf/esp_netif/CMakeFiles/__idf_esp_netif.dir/lwip/netif/esp_pbuf_ref.c.obj
[  8%] Building C object esp-idf/esp_netif/CMakeFiles/__idf_esp_netif.dir/esp_netif_handlers.c.obj
[  8%] Building C object esp-idf/esp_netif/CMakeFiles/__idf_esp_netif.dir/esp_netif_defaults.c.obj
[  8%] Building C object esp-idf/esp_netif/CMakeFiles/__idf_esp_netif.dir/lwip/esp_netif_lwip.c.obj
[  8%] Building C object esp-idf/esp_netif/CMakeFiles/__idf_esp_netif.dir/lwip/esp_netif_sntp.c.obj
[  8%] Linking C static library libesp_netif.a
[  8%] Built target __idf_esp_netif
[  8%] Building C object esp-idf/lwip/CMakeFiles/__idf_lwip.dir/apps/sntp/sntp.c.obj
[  8%] Building C object esp-idf/lwip/CMakeFiles/__idf_lwip.dir/lwip/src/api/api_lib.c.obj
[  8%] Building C object esp-idf/lwip/CMakeFiles/__idf_lwip.dir/lwip/src/api/netbuf.c.obj
[  8%] Building C object esp-idf/lwip/CMakeFiles/__idf_lwip.dir/lwip/src/api/netdb.c.obj
[  8%] Building C object esp-idf/lwip/CMakeFiles/__idf_lwip.dir/lwip/src/api/api_msg.c.obj
[  8%] Building C object esp-idf/lwip/CMakeFiles/__idf_lwip.dir/lwip/src/api/tcpip.c.obj
[  8%] Building C object esp-idf/lwip/CMakeFiles/__idf_lwip.dir/lwip/src/api/sockets.c.obj
[  8%] Building C object esp-idf/lwip/CMakeFiles/__idf_lwip.dir/lwip/src/api/err.c.obj
[  9%] Building C object esp-idf/lwip/CMakeFiles/__idf_lwip.dir/lwip/src/apps/netbiosns/netbiosns.c.obj
[  9%] Building C object esp-idf/lwip/CMakeFiles/__idf_lwip.dir/lwip/src/api/if_api.c.obj
[  9%] Building C object esp-idf/lwip/CMakeFiles/__idf_lwip.dir/lwip/src/api/netifapi.c.obj
[  9%] Building C object esp-idf/lwip/CMakeFiles/__idf_lwip.dir/lwip/src/core/dns.c.obj
[  9%] Building C object esp-idf/lwip/CMakeFiles/__idf_lwip.dir/lwip/src/core/init.c.obj
[  9%] Building C object esp-idf/lwip/CMakeFiles/__idf_lwip.dir/lwip/src/core/mem.c.obj
[  9%] Building C object esp-idf/lwip/CMakeFiles/__idf_lwip.dir/lwip/src/apps/sntp/sntp.c.obj
[  9%] Building C object esp-idf/lwip/CMakeFiles/__idf_lwip.dir/lwip/src/core/inet_chksum.c.obj
[  9%] Building C object esp-idf/lwip/CMakeFiles/__idf_lwip.dir/lwip/src/core/ip.c.obj
[  9%] Building C object esp-idf/lwip/CMakeFiles/__idf_lwip.dir/lwip/src/core/def.c.obj
[  9%] Building C object esp-idf/lwip/CMakeFiles/__idf_lwip.dir/lwip/src/core/netif.c.obj
[  9%] Building C object esp-idf/lwip/CMakeFiles/__idf_lwip.dir/lwip/src/core/memp.c.obj
[  9%] Building C object esp-idf/lwip/CMakeFiles/__idf_lwip.dir/lwip/src/core/pbuf.c.obj
[  9%] Building C object esp-idf/lwip/CMakeFiles/__idf_lwip.dir/lwip/src/core/raw.c.obj
[  9%] Building C object esp-idf/lwip/CMakeFiles/__idf_lwip.dir/lwip/src/core/stats.c.obj
[  9%] Building C object esp-idf/lwip/CMakeFiles/__idf_lwip.dir/lwip/src/core/sys.c.obj
[  9%] Building C object esp-idf/lwip/CMakeFiles/__idf_lwip.dir/lwip/src/core/tcp.c.obj
[  9%] Building C object esp-idf/lwip/CMakeFiles/__idf_lwip.dir/lwip/src/core/tcp_out.c.obj
[  9%] Building C object esp-idf/lwip/CMakeFiles/__idf_lwip.dir/lwip/src/core/tcp_in.c.obj
[  9%] Building C object esp-idf/lwip/CMakeFiles/__idf_lwip.dir/lwip/src/core/timeouts.c.obj
[  9%] Building C object esp-idf/lwip/CMakeFiles/__idf_lwip.dir/lwip/src/core/ipv4/dhcp.c.obj
[ 10%] Building C object esp-idf/lwip/CMakeFiles/__idf_lwip.dir/lwip/src/core/ipv4/autoip.c.obj
[ 10%] Building C object esp-idf/lwip/CMakeFiles/__idf_lwip.dir/lwip/src/core/udp.c.obj
[ 10%] Building C object esp-idf/lwip/CMakeFiles/__idf_lwip.dir/lwip/src/core/ipv4/etharp.c.obj
[ 10%] Building C object esp-idf/lwip/CMakeFiles/__idf_lwip.dir/lwip/src/core/ipv4/ip4.c.obj
[ 10%] Building C object esp-idf/lwip/CMakeFiles/__idf_lwip.dir/lwip/src/core/ipv4/igmp.c.obj
[ 10%] Building C object esp-idf/lwip/CMakeFiles/__idf_lwip.dir/lwip/src/core/ipv4/ip4_napt.c.obj
[ 10%] Building C object esp-idf/lwip/CMakeFiles/__idf_lwip.dir/lwip/src/core/ipv4/icmp.c.obj
[ 10%] Building C object esp-idf/lwip/CMakeFiles/__idf_lwip.dir/lwip/src/core/ipv4/ip4_addr.c.obj
[ 10%] Building C object esp-idf/lwip/CMakeFiles/__idf_lwip.dir/lwip/src/core/ipv4/ip4_frag.c.obj
[ 10%] Building C object esp-idf/lwip/CMakeFiles/__idf_lwip.dir/lwip/src/core/ipv6/ethip6.c.obj
[ 10%] Building C object esp-idf/lwip/CMakeFiles/__idf_lwip.dir/lwip/src/core/ipv6/dhcp6.c.obj
[ 10%] Building C object esp-idf/lwip/CMakeFiles/__idf_lwip.dir/lwip/src/core/ipv6/inet6.c.obj
[ 10%] Building C object esp-idf/lwip/CMakeFiles/__idf_lwip.dir/lwip/src/core/ipv6/icmp6.c.obj
[ 10%] Building C object esp-idf/lwip/CMakeFiles/__idf_lwip.dir/lwip/src/core/ipv6/ip6.c.obj
[ 10%] Building C object esp-idf/lwip/CMakeFiles/__idf_lwip.dir/lwip/src/core/ipv6/ip6_addr.c.obj
[ 10%] Building C object esp-idf/lwip/CMakeFiles/__idf_lwip.dir/lwip/src/core/ipv6/ip6_frag.c.obj
[ 10%] Building C object esp-idf/lwip/CMakeFiles/__idf_lwip.dir/lwip/src/core/ipv6/nd6.c.obj
[ 10%] Building C object esp-idf/lwip/CMakeFiles/__idf_lwip.dir/lwip/src/core/ipv6/mld6.c.obj
[ 11%] Building C object esp-idf/lwip/CMakeFiles/__idf_lwip.dir/lwip/src/netif/ethernet.c.obj
[ 11%] Building C object esp-idf/lwip/CMakeFiles/__idf_lwip.dir/lwip/src/netif/bridgeif_fdb.c.obj
[ 11%] Building C object esp-idf/lwip/CMakeFiles/__idf_lwip.dir/lwip/src/netif/bridgeif.c.obj
[ 11%] Building C object esp-idf/lwip/CMakeFiles/__idf_lwip.dir/lwip/src/netif/ppp/auth.c.obj
[ 11%] Building C object esp-idf/lwip/CMakeFiles/__idf_lwip.dir/lwip/src/netif/slipif.c.obj
[ 11%] Building C object esp-idf/lwip/CMakeFiles/__idf_lwip.dir/lwip/src/netif/ppp/ccp.c.obj
[ 11%] Building C object esp-idf/lwip/CMakeFiles/__idf_lwip.dir/lwip/src/netif/ppp/chap-md5.c.obj
[ 11%] Building C object esp-idf/lwip/CMakeFiles/__idf_lwip.dir/lwip/src/netif/ppp/chap-new.c.obj
[ 11%] Building C object esp-idf/lwip/CMakeFiles/__idf_lwip.dir/lwip/src/netif/ppp/chap_ms.c.obj
[ 11%] Building C object esp-idf/lwip/CMakeFiles/__idf_lwip.dir/lwip/src/netif/ppp/demand.c.obj
[ 11%] Building C object esp-idf/lwip/CMakeFiles/__idf_lwip.dir/lwip/src/netif/ppp/eap.c.obj
[ 11%] Building C object esp-idf/lwip/CMakeFiles/__idf_lwip.dir/lwip/src/netif/ppp/ecp.c.obj
[ 11%] Building C object esp-idf/lwip/CMakeFiles/__idf_lwip.dir/lwip/src/netif/ppp/eui64.c.obj
[ 11%] Building C object esp-idf/lwip/CMakeFiles/__idf_lwip.dir/lwip/src/netif/ppp/ipv6cp.c.obj
[ 11%] Building C object esp-idf/lwip/CMakeFiles/__idf_lwip.dir/lwip/src/netif/ppp/fsm.c.obj
[ 11%] Building C object esp-idf/lwip/CMakeFiles/__idf_lwip.dir/lwip/src/netif/ppp/magic.c.obj
[ 11%] Building C object esp-idf/lwip/CMakeFiles/__idf_lwip.dir/lwip/src/netif/ppp/ipcp.c.obj
[ 12%] Building C object esp-idf/lwip/CMakeFiles/__idf_lwip.dir/lwip/src/netif/ppp/mppe.c.obj
[ 12%] Building C object esp-idf/lwip/CMakeFiles/__idf_lwip.dir/lwip/src/netif/ppp/ppp.c.obj
[ 12%] Building C object esp-idf/lwip/CMakeFiles/__idf_lwip.dir/lwip/src/netif/ppp/multilink.c.obj
[ 12%] Building C object esp-idf/lwip/CMakeFiles/__idf_lwip.dir/lwip/src/netif/ppp/pppcrypt.c.obj
[ 12%] Building C object esp-idf/lwip/CMakeFiles/__idf_lwip.dir/lwip/src/netif/ppp/pppapi.c.obj
[ 12%] Building C object esp-idf/lwip/CMakeFiles/__idf_lwip.dir/lwip/src/netif/ppp/lcp.c.obj
[ 12%] Building C object esp-idf/lwip/CMakeFiles/__idf_lwip.dir/lwip/src/netif/ppp/pppoe.c.obj
[ 12%] Building C object esp-idf/lwip/CMakeFiles/__idf_lwip.dir/lwip/src/netif/ppp/pppol2tp.c.obj
[ 12%] Building C object esp-idf/lwip/CMakeFiles/__idf_lwip.dir/lwip/src/netif/ppp/pppos.c.obj
[ 12%] Building C object esp-idf/lwip/CMakeFiles/__idf_lwip.dir/lwip/src/netif/ppp/upap.c.obj
[ 12%] Building C object esp-idf/lwip/CMakeFiles/__idf_lwip.dir/lwip/src/netif/ppp/vj.c.obj
[ 12%] Building C object esp-idf/lwip/CMakeFiles/__idf_lwip.dir/lwip/src/netif/ppp/utils.c.obj
[ 12%] Building C object esp-idf/lwip/CMakeFiles/__idf_lwip.dir/port/hooks/tcp_isn_default.c.obj
[ 12%] Building C object esp-idf/lwip/CMakeFiles/__idf_lwip.dir/port/hooks/lwip_default_hooks.c.obj
[ 12%] Building C object esp-idf/lwip/CMakeFiles/__idf_lwip.dir/port/debug/lwip_debug.c.obj
[ 12%] Building C object esp-idf/lwip/CMakeFiles/__idf_lwip.dir/port/freertos/sys_arch.c.obj
[ 12%] Building C object esp-idf/lwip/CMakeFiles/__idf_lwip.dir/port/sockets_ext.c.obj
[ 12%] Building C object esp-idf/lwip/CMakeFiles/__idf_lwip.dir/port/esp32xx/vfs_lwip.c.obj
[ 12%] Building C object esp-idf/lwip/CMakeFiles/__idf_lwip.dir/apps/ping/esp_ping.c.obj
[ 12%] Building C object esp-idf/lwip/CMakeFiles/__idf_lwip.dir/apps/ping/ping_sock.c.obj
[ 13%] Building C object esp-idf/lwip/CMakeFiles/__idf_lwip.dir/apps/ping/ping.c.obj
[ 13%] Building C object esp-idf/lwip/CMakeFiles/__idf_lwip.dir/apps/dhcpserver/dhcpserver.c.obj
[ 13%] Linking C static library liblwip.a
[ 13%] Built target __idf_lwip
[ 13%] Building C object esp-idf/vfs/CMakeFiles/__idf_vfs.dir/vfs_eventfd.c.obj
[ 13%] Building C object esp-idf/vfs/CMakeFiles/__idf_vfs.dir/vfs_uart.c.obj
[ 13%] Building C object esp-idf/vfs/CMakeFiles/__idf_vfs.dir/vfs.c.obj
[ 13%] Building C object esp-idf/vfs/CMakeFiles/__idf_vfs.dir/vfs_semihost.c.obj
[ 13%] Building C object esp-idf/vfs/CMakeFiles/__idf_vfs.dir/vfs_console.c.obj
[ 13%] Linking C static library libvfs.a
[ 13%] Built target __idf_vfs
[ 13%] Building C object esp-idf/esp_phy/CMakeFiles/__idf_esp_phy.dir/src/lib_printf.c.obj
[ 13%] Building C object esp-idf/esp_phy/CMakeFiles/__idf_esp_phy.dir/src/phy_init.c.obj
[ 13%] Building C object esp-idf/esp_phy/CMakeFiles/__idf_esp_phy.dir/src/btbb_init.c.obj
[ 13%] Building C object esp-idf/esp_phy/CMakeFiles/__idf_esp_phy.dir/src/phy_override.c.obj
[ 13%] Building C object esp-idf/esp_phy/CMakeFiles/__idf_esp_phy.dir/src/phy_common.c.obj
[ 13%] Linking C static library libesp_phy.a
[ 13%] Built target __idf_esp_phy
[ 13%] Building CXX object esp-idf/nvs_flash/CMakeFiles/__idf_nvs_flash.dir/src/nvs_api.cpp.obj
[ 13%] Building CXX object esp-idf/nvs_flash/CMakeFiles/__idf_nvs_flash.dir/src/nvs_item_hash_list.cpp.obj
[ 13%] Building CXX object esp-idf/nvs_flash/CMakeFiles/__idf_nvs_flash.dir/src/nvs_cxx_api.cpp.obj
[ 13%] Building CXX object esp-idf/nvs_flash/CMakeFiles/__idf_nvs_flash.dir/src/nvs_pagemanager.cpp.obj
[ 13%] Building CXX object esp-idf/nvs_flash/CMakeFiles/__idf_nvs_flash.dir/src/nvs_partition.cpp.obj
[ 13%] Building CXX object esp-idf/nvs_flash/CMakeFiles/__idf_nvs_flash.dir/src/nvs_partition_lookup.cpp.obj
[ 13%] Building CXX object esp-idf/nvs_flash/CMakeFiles/__idf_nvs_flash.dir/src/nvs_partition_manager.cpp.obj
[ 13%] Building CXX object esp-idf/nvs_flash/CMakeFiles/__idf_nvs_flash.dir/src/nvs_page.cpp.obj
[ 13%] Building CXX object esp-idf/nvs_flash/CMakeFiles/__idf_nvs_flash.dir/src/nvs_storage.cpp.obj
[ 13%] Building CXX object esp-idf/nvs_flash/CMakeFiles/__idf_nvs_flash.dir/src/nvs_handle_simple.cpp.obj
[ 13%] Building CXX object esp-idf/nvs_flash/CMakeFiles/__idf_nvs_flash.dir/src/nvs_handle_locked.cpp.obj
[ 13%] Building CXX object esp-idf/nvs_flash/CMakeFiles/__idf_nvs_flash.dir/src/nvs_types.cpp.obj
[ 13%] Building CXX object esp-idf/nvs_flash/CMakeFiles/__idf_nvs_flash.dir/src/nvs_platform.cpp.obj
[ 13%] Linking C static library libnvs_flash.a
[ 13%] Built target __idf_nvs_flash
[ 13%] Building C object esp-idf/esp_event/CMakeFiles/__idf_esp_event.dir/esp_event.c.obj
[ 13%] Building C object esp-idf/esp_event/CMakeFiles/__idf_esp_event.dir/default_event_loop.c.obj
[ 13%] Building C object esp-idf/esp_event/CMakeFiles/__idf_esp_event.dir/esp_event_private.c.obj
[ 13%] Linking C static library libesp_event.a
[ 13%] Built target __idf_esp_event
[ 13%] Building C object esp-idf/esp_timer/CMakeFiles/__idf_esp_timer.dir/src/esp_timer.c.obj
[ 13%] Building C object esp-idf/esp_timer/CMakeFiles/__idf_esp_timer.dir/src/system_time.c.obj
[ 13%] Building C object esp-idf/esp_timer/CMakeFiles/__idf_esp_timer.dir/src/ets_timer_legacy.c.obj
[ 14%] Building C object esp-idf/esp_timer/CMakeFiles/__idf_esp_timer.dir/src/esp_timer_impl_common.c.obj
[ 14%] Building C object esp-idf/esp_timer/CMakeFiles/__idf_esp_timer.dir/src/esp_timer_impl_systimer.c.obj
[ 14%] Linking C static library libesp_timer.a
[ 14%] Built target __idf_esp_timer
[ 14%] Building C object esp-idf/esp_common/CMakeFiles/__idf_esp_common.dir/src/esp_err_to_name.c.obj
[ 14%] Linking C static library libesp_common.a
[ 14%] Built target __idf_esp_common
[ 14%] Building CXX object esp-idf/cxx/CMakeFiles/__idf_cxx.dir/cxx_exception_stubs.cpp.obj
[ 14%] Building CXX object esp-idf/cxx/CMakeFiles/__idf_cxx.dir/cxx_guards.cpp.obj
[ 14%] Linking C static library libcxx.a
[ 14%] Built target __idf_cxx
[ 14%] Building C object esp-idf/newlib/CMakeFiles/__idf_newlib.dir/assert.c.obj
[ 14%] Building C object esp-idf/newlib/CMakeFiles/__idf_newlib.dir/random.c.obj
[ 14%] Building C object esp-idf/newlib/CMakeFiles/__idf_newlib.dir/abort.c.obj
[ 14%] Building C object esp-idf/newlib/CMakeFiles/__idf_newlib.dir/syscalls.c.obj
[ 14%] Building C object esp-idf/newlib/CMakeFiles/__idf_newlib.dir/stdatomic.c.obj
[ 14%] Building C object esp-idf/newlib/CMakeFiles/__idf_newlib.dir/time.c.obj
[ 14%] Building C object esp-idf/newlib/CMakeFiles/__idf_newlib.dir/heap.c.obj
[ 14%] Building C object esp-idf/newlib/CMakeFiles/__idf_newlib.dir/locks.c.obj
[ 14%] Building C object esp-idf/newlib/CMakeFiles/__idf_newlib.dir/sysconf.c.obj
[ 14%] Building C object esp-idf/newlib/CMakeFiles/__idf_newlib.dir/realpath.c.obj
[ 14%] Building C object esp-idf/newlib/CMakeFiles/__idf_newlib.dir/pthread.c.obj
[ 14%] Building C object esp-idf/newlib/CMakeFiles/__idf_newlib.dir/poll.c.obj
[ 14%] Building C object esp-idf/newlib/CMakeFiles/__idf_newlib.dir/reent_init.c.obj
[ 14%] Building C object esp-idf/newlib/CMakeFiles/__idf_newlib.dir/newlib_init.c.obj
[ 14%] Building C object esp-idf/newlib/CMakeFiles/__idf_newlib.dir/termios.c.obj
[ 15%] Building C object esp-idf/newlib/CMakeFiles/__idf_newlib.dir/port/esp_time_impl.c.obj
[ 15%] Linking C static library libnewlib.a
[ 15%] Built target __idf_newlib
[ 16%] Building C object esp-idf/freertos/CMakeFiles/__idf_freertos.dir/heap_idf.c.obj
[ 16%] Building C object esp-idf/freertos/CMakeFiles/__idf_freertos.dir/FreeRTOS-Kernel/event_groups.c.obj
[ 16%] Building C object esp-idf/freertos/CMakeFiles/__idf_freertos.dir/esp_additions/idf_additions.c.obj
[ 16%] Building C object esp-idf/freertos/CMakeFiles/__idf_freertos.dir/FreeRTOS-Kernel/portable/xtensa/port.c.obj
[ 16%] Building C object esp-idf/freertos/CMakeFiles/__idf_freertos.dir/FreeRTOS-Kernel/queue.c.obj
[ 16%] Building C object esp-idf/freertos/CMakeFiles/__idf_freertos.dir/FreeRTOS-openocd.c.obj
[ 16%] Building C object esp-idf/freertos/CMakeFiles/__idf_freertos.dir/FreeRTOS-Kernel/tasks.c.obj
[ 16%] Building C object esp-idf/freertos/CMakeFiles/__idf_freertos.dir/app_startup.c.obj
[ 16%] Building C object esp-idf/freertos/CMakeFiles/__idf_freertos.dir/port_common.c.obj
[ 16%] Building ASM object esp-idf/freertos/CMakeFiles/__idf_freertos.dir/FreeRTOS-Kernel/portable/xtensa/portasm.S.obj
[ 16%] Building C object esp-idf/freertos/CMakeFiles/__idf_freertos.dir/FreeRTOS-Kernel/portable/port_systick.c.obj
[ 16%] Building C object esp-idf/freertos/CMakeFiles/__idf_freertos.dir/FreeRTOS-Kernel/list.c.obj
[ 16%] Building C object esp-idf/freertos/CMakeFiles/__idf_freertos.dir/FreeRTOS-Kernel/timers.c.obj
[ 16%] Building C object esp-idf/freertos/CMakeFiles/__idf_freertos.dir/FreeRTOS-Kernel/croutine.c.obj
[ 16%] Building C object esp-idf/freertos/CMakeFiles/__idf_freertos.dir/FreeRTOS-Kernel/portable/xtensa/xtensa_init.c.obj
[ 17%] Building C object esp-idf/freertos/CMakeFiles/__idf_freertos.dir/FreeRTOS-Kernel/portable/xtensa/xtensa_overlay_os_hook.c.obj
[ 17%] Building C object esp-idf/freertos/CMakeFiles/__idf_freertos.dir/FreeRTOS-Kernel/stream_buffer.c.obj
[ 17%] Building ASM object esp-idf/freertos/CMakeFiles/__idf_freertos.dir/FreeRTOS-Kernel/portable/xtensa/xtensa_vectors.S.obj
[ 17%] Building C object esp-idf/freertos/CMakeFiles/__idf_freertos.dir/esp_additions/freertos_v8_compat.c.obj
[ 17%] Building ASM object esp-idf/freertos/CMakeFiles/__idf_freertos.dir/FreeRTOS-Kernel/portable/xtensa/xtensa_context.S.obj
[ 17%] Linking C static library libfreertos.a
[ 17%] Built target __idf_freertos
[ 17%] Building C object esp-idf/esp_hw_support/CMakeFiles/__idf_esp_hw_support.dir/cpu.c.obj
[ 17%] Building C object esp-idf/esp_hw_support/CMakeFiles/__idf_esp_hw_support.dir/esp_memory_utils.c.obj
[ 18%] Building C object esp-idf/esp_hw_support/CMakeFiles/__idf_esp_hw_support.dir/esp_clk.c.obj
[ 18%] Building C object esp-idf/esp_hw_support/CMakeFiles/__idf_esp_hw_support.dir/hw_random.c.obj
[ 18%] Building C object esp-idf/esp_hw_support/CMakeFiles/__idf_esp_hw_support.dir/clk_ctrl_os.c.obj
[ 18%] Building C object esp-idf/esp_hw_support/CMakeFiles/__idf_esp_hw_support.dir/sleep_modes.c.obj
[ 18%] Building C object esp-idf/esp_hw_support/CMakeFiles/__idf_esp_hw_support.dir/rtc_module.c.obj
[ 18%] Building C object esp-idf/esp_hw_support/CMakeFiles/__idf_esp_hw_support.dir/port/esp32s3/cpu_region_protect.c.obj
[ 18%] Building C object esp-idf/esp_hw_support/CMakeFiles/__idf_esp_hw_support.dir/port/esp32s3/esp_cpu_intr.c.obj
[ 18%] Building C object esp-idf/esp_hw_support/CMakeFiles/__idf_esp_hw_support.dir/sleep_gpio.c.obj
[ 18%] Building C object esp-idf/esp_hw_support/CMakeFiles/__idf_esp_hw_support.dir/sleep_modem.c.obj
[ 18%] Building C object esp-idf/esp_hw_support/CMakeFiles/__idf_esp_hw_support.dir/intr_alloc.c.obj
[ 18%] Building C object esp-idf/esp_hw_support/CMakeFiles/__idf_esp_hw_support.dir/mac_addr.c.obj
[ 18%] Building C object esp-idf/esp_hw_support/CMakeFiles/__idf_esp_hw_support.dir/periph_ctrl.c.obj
[ 18%] Building C object esp-idf/esp_hw_support/CMakeFiles/__idf_esp_hw_support.dir/revision.c.obj
[ 18%] Building C object esp-idf/esp_hw_support/CMakeFiles/__idf_esp_hw_support.dir/sleep_console.c.obj
[ 18%] Building C object esp-idf/esp_hw_support/CMakeFiles/__idf_esp_hw_support.dir/sleep_event.c.obj
[ 18%] Building C object esp-idf/esp_hw_support/CMakeFiles/__idf_esp_hw_support.dir/regi2c_ctrl.c.obj
[ 18%] Building C object esp-idf/esp_hw_support/CMakeFiles/__idf_esp_hw_support.dir/sar_periph_ctrl_common.c.obj
[ 18%] Building C object esp-idf/esp_hw_support/CMakeFiles/__idf_esp_hw_support.dir/esp_gpio_reserve.c.obj
[ 18%] Building C object esp-idf/esp_hw_support/CMakeFiles/__idf_esp_hw_support.dir/port/esp32s3/io_mux.c.obj
[ 19%] Building C object esp-idf/esp_hw_support/CMakeFiles/__idf_esp_hw_support.dir/port/esp32s3/esp_clk_tree.c.obj
[ 19%] Building C object esp-idf/esp_hw_support/CMakeFiles/__idf_esp_hw_support.dir/port/esp_clk_tree_common.c.obj
[ 19%] Building C object esp-idf/esp_hw_support/CMakeFiles/__idf_esp_hw_support.dir/dma/gdma.c.obj
[ 19%] Building C object esp-idf/esp_hw_support/CMakeFiles/__idf_esp_hw_support.dir/dma/async_memcpy_impl_gdma.c.obj
[ 19%] Building C object esp-idf/esp_hw_support/CMakeFiles/__idf_esp_hw_support.dir/sleep_cpu.c.obj
[ 19%] Building C object esp-idf/esp_hw_support/CMakeFiles/__idf_esp_hw_support.dir/adc_share_hw_ctrl.c.obj
[ 19%] Building C object esp-idf/esp_hw_support/CMakeFiles/__idf_esp_hw_support.dir/esp_hmac.c.obj
[ 19%] Building C object esp-idf/esp_hw_support/CMakeFiles/__idf_esp_hw_support.dir/dma/esp_async_memcpy.c.obj
[ 19%] Building C object esp-idf/esp_hw_support/CMakeFiles/__idf_esp_hw_support.dir/port/esp32s3/systimer.c.obj
[ 19%] Building C object esp-idf/esp_hw_support/CMakeFiles/__idf_esp_hw_support.dir/esp_ds.c.obj
[ 19%] Building C object esp-idf/esp_hw_support/CMakeFiles/__idf_esp_hw_support.dir/mspi_timing_tuning.c.obj
[ 19%] Building C object esp-idf/esp_hw_support/CMakeFiles/__idf_esp_hw_support.dir/port/esp32s3/mspi_timing_config.c.obj
[ 19%] Building C object esp-idf/esp_hw_support/CMakeFiles/__idf_esp_hw_support.dir/port/esp32s3/rtc_clk.c.obj
[ 19%] Building C object esp-idf/esp_hw_support/CMakeFiles/__idf_esp_hw_support.dir/sleep_wake_stub.c.obj
[ 19%] Building C object esp-idf/esp_hw_support/CMakeFiles/__idf_esp_hw_support.dir/port/esp32s3/rtc_init.c.obj
[ 19%] Building C object esp-idf/esp_hw_support/CMakeFiles/__idf_esp_hw_support.dir/port/esp32s3/rtc_sleep.c.obj
[ 19%] Building C object esp-idf/esp_hw_support/CMakeFiles/__idf_esp_hw_support.dir/port/esp32s3/rtc_clk_init.c.obj
[ 19%] Building C object esp-idf/esp_hw_support/CMakeFiles/__idf_esp_hw_support.dir/port/esp32s3/rtc_time.c.obj
[ 20%] Building C object esp-idf/esp_hw_support/CMakeFiles/__idf_esp_hw_support.dir/port/esp32s3/chip_info.c.obj
[ 20%] Building C object esp-idf/esp_hw_support/CMakeFiles/__idf_esp_hw_support.dir/port/esp32s3/esp_crypto_lock.c.obj
[ 20%] Building C object esp-idf/esp_hw_support/CMakeFiles/__idf_esp_hw_support.dir/port/esp_memprot_conv.c.obj
[ 20%] Building C object esp-idf/esp_hw_support/CMakeFiles/__idf_esp_hw_support.dir/port/esp32s3/esp_memprot.c.obj
[ 20%] Building C object esp-idf/esp_hw_support/CMakeFiles/__idf_esp_hw_support.dir/port/esp32s3/sar_periph_ctrl.c.obj
[ 20%] Linking C static library libesp_hw_support.a
[ 20%] Built target __idf_esp_hw_support
[ 20%] Building C object esp-idf/soc/CMakeFiles/__idf_soc.dir/lldesc.c.obj
[ 20%] Building C object esp-idf/soc/CMakeFiles/__idf_soc.dir/dport_access_common.c.obj
[ 20%] Building C object esp-idf/soc/CMakeFiles/__idf_soc.dir/esp32s3/interrupts.c.obj
[ 20%] Building C object esp-idf/soc/CMakeFiles/__idf_soc.dir/esp32s3/gpio_periph.c.obj
[ 20%] Building C object esp-idf/soc/CMakeFiles/__idf_soc.dir/esp32s3/dedic_gpio_periph.c.obj
[ 20%] Building C object esp-idf/soc/CMakeFiles/__idf_soc.dir/esp32s3/spi_periph.c.obj
[ 20%] Building C object esp-idf/soc/CMakeFiles/__idf_soc.dir/esp32s3/adc_periph.c.obj
[ 21%] Building C object esp-idf/soc/CMakeFiles/__idf_soc.dir/esp32s3/i2c_periph.c.obj
[ 21%] Building C object esp-idf/soc/CMakeFiles/__idf_soc.dir/esp32s3/uart_periph.c.obj
[ 21%] Building C object esp-idf/soc/CMakeFiles/__idf_soc.dir/esp32s3/gdma_periph.c.obj
[ 21%] Building C object esp-idf/soc/CMakeFiles/__idf_soc.dir/esp32s3/i2s_periph.c.obj
[ 21%] Building C object esp-idf/soc/CMakeFiles/__idf_soc.dir/esp32s3/temperature_sensor_periph.c.obj
[ 21%] Building C object esp-idf/soc/CMakeFiles/__idf_soc.dir/esp32s3/timer_periph.c.obj
[ 21%] Building C object esp-idf/soc/CMakeFiles/__idf_soc.dir/esp32s3/ledc_periph.c.obj
[ 21%] Building C object esp-idf/soc/CMakeFiles/__idf_soc.dir/esp32s3/lcd_periph.c.obj
[ 21%] Building C object esp-idf/soc/CMakeFiles/__idf_soc.dir/esp32s3/pcnt_periph.c.obj
[ 21%] Building C object esp-idf/soc/CMakeFiles/__idf_soc.dir/esp32s3/sdm_periph.c.obj
[ 21%] Building C object esp-idf/soc/CMakeFiles/__idf_soc.dir/esp32s3/mcpwm_periph.c.obj
[ 21%] Building C object esp-idf/soc/CMakeFiles/__idf_soc.dir/esp32s3/sdmmc_periph.c.obj
[ 21%] Building C object esp-idf/soc/CMakeFiles/__idf_soc.dir/esp32s3/rmt_periph.c.obj
[ 21%] Building C object esp-idf/soc/CMakeFiles/__idf_soc.dir/esp32s3/touch_sensor_periph.c.obj
[ 21%] Building C object esp-idf/soc/CMakeFiles/__idf_soc.dir/esp32s3/usb_dwc_periph.c.obj
[ 22%] Building C object esp-idf/soc/CMakeFiles/__idf_soc.dir/esp32s3/usb_periph.c.obj
[ 22%] Building C object esp-idf/soc/CMakeFiles/__idf_soc.dir/esp32s3/twai_periph.c.obj
[ 22%] Building C object esp-idf/soc/CMakeFiles/__idf_soc.dir/esp32s3/rtc_io_periph.c.obj
[ 22%] Linking C static library libsoc.a
[ 22%] Built target __idf_soc
[ 23%] Building C object esp-idf/heap/CMakeFiles/__idf_heap.dir/heap_caps_base.c.obj
[ 23%] Building C object esp-idf/heap/CMakeFiles/__idf_heap.dir/multi_heap.c.obj
[ 23%] Building C object esp-idf/heap/CMakeFiles/__idf_heap.dir/tlsf/tlsf.c.obj
[ 23%] Building C object esp-idf/heap/CMakeFiles/__idf_heap.dir/port/esp32s3/memory_layout.c.obj
[ 23%] Building C object esp-idf/heap/CMakeFiles/__idf_heap.dir/port/memory_layout_utils.c.obj
[ 23%] Building C object esp-idf/heap/CMakeFiles/__idf_heap.dir/heap_caps_init.c.obj
[ 23%] Building C object esp-idf/heap/CMakeFiles/__idf_heap.dir/heap_caps.c.obj
[ 23%] Linking C static library libheap.a
[ 23%] Built target __idf_heap
[ 23%] Building C object esp-idf/log/CMakeFiles/__idf_log.dir/log.c.obj
[ 23%] Building C object esp-idf/log/CMakeFiles/__idf_log.dir/log_buffers.c.obj
[ 23%] Building C object esp-idf/log/CMakeFiles/__idf_log.dir/log_freertos.c.obj
[ 23%] Linking C static library liblog.a
[ 23%] Built target __idf_log
[ 23%] Building C object esp-idf/hal/CMakeFiles/__idf_hal.dir/mpu_hal.c.obj
[ 23%] Building C object esp-idf/hal/CMakeFiles/__idf_hal.dir/efuse_hal.c.obj
[ 23%] Building C object esp-idf/hal/CMakeFiles/__idf_hal.dir/esp32s3/efuse_hal.c.obj
[ 23%] Building C object esp-idf/hal/CMakeFiles/__idf_hal.dir/mmu_hal.c.obj
[ 23%] Building C object esp-idf/hal/CMakeFiles/__idf_hal.dir/gpio_hal.c.obj
[ 23%] Building C object esp-idf/hal/CMakeFiles/__idf_hal.dir/cache_hal.c.obj
[ 23%] Building C object esp-idf/hal/CMakeFiles/__idf_hal.dir/rtc_io_hal.c.obj
[ 23%] Building C object esp-idf/hal/CMakeFiles/__idf_hal.dir/esp32s3/clk_tree_hal.c.obj
[ 23%] Building C object esp-idf/hal/CMakeFiles/__idf_hal.dir/uart_hal.c.obj
[ 23%] Building C object esp-idf/hal/CMakeFiles/__idf_hal.dir/uart_hal_iram.c.obj
[ 23%] Building C object esp-idf/hal/CMakeFiles/__idf_hal.dir/spi_flash_hal.c.obj
[ 23%] Building C object esp-idf/hal/CMakeFiles/__idf_hal.dir/timer_hal.c.obj
[ 23%] Building C object esp-idf/hal/CMakeFiles/__idf_hal.dir/ledc_hal.c.obj
[ 23%] Building C object esp-idf/hal/CMakeFiles/__idf_hal.dir/ledc_hal_iram.c.obj
[ 23%] Building C object esp-idf/hal/CMakeFiles/__idf_hal.dir/adc_hal_common.c.obj
[ 23%] Building C object esp-idf/hal/CMakeFiles/__idf_hal.dir/adc_oneshot_hal.c.obj
[ 23%] Building C object esp-idf/hal/CMakeFiles/__idf_hal.dir/spi_flash_hal_iram.c.obj
[ 23%] Building C object esp-idf/hal/CMakeFiles/__idf_hal.dir/systimer_hal.c.obj
[ 24%] Building C object esp-idf/hal/CMakeFiles/__idf_hal.dir/spi_flash_encrypt_hal_iram.c.obj
[ 24%] Building C object esp-idf/hal/CMakeFiles/__idf_hal.dir/i2c_hal.c.obj
[ 24%] Building C object esp-idf/hal/CMakeFiles/__idf_hal.dir/i2c_hal_iram.c.obj
[ 24%] Building C object esp-idf/hal/CMakeFiles/__idf_hal.dir/rmt_hal.c.obj
[ 24%] Building C object esp-idf/hal/CMakeFiles/__idf_hal.dir/pcnt_hal.c.obj
[ 24%] Building C object esp-idf/hal/CMakeFiles/__idf_hal.dir/mcpwm_hal.c.obj
[ 24%] Building C object esp-idf/hal/CMakeFiles/__idf_hal.dir/twai_hal.c.obj
[ 24%] Building C object esp-idf/hal/CMakeFiles/__idf_hal.dir/twai_hal_iram.c.obj
[ 24%] Building C object esp-idf/hal/CMakeFiles/__idf_hal.dir/sdm_hal.c.obj
[ 24%] Building C object esp-idf/hal/CMakeFiles/__idf_hal.dir/i2s_hal.c.obj
[ 24%] Building C object esp-idf/hal/CMakeFiles/__idf_hal.dir/adc_hal.c.obj
[ 24%] Building C object esp-idf/hal/CMakeFiles/__idf_hal.dir/lcd_hal.c.obj
[ 24%] Building C object esp-idf/hal/CMakeFiles/__idf_hal.dir/sha_hal.c.obj
[ 24%] Building C object esp-idf/hal/CMakeFiles/__idf_hal.dir/gdma_hal.c.obj
[ 24%] Building C object esp-idf/hal/CMakeFiles/__idf_hal.dir/brownout_hal.c.obj
[ 24%] Building C object esp-idf/hal/CMakeFiles/__idf_hal.dir/spi_hal.c.obj
[ 24%] Building C object esp-idf/hal/CMakeFiles/__idf_hal.dir/spi_hal_iram.c.obj
[ 25%] Building C object esp-idf/hal/CMakeFiles/__idf_hal.dir/aes_hal.c.obj
[ 25%] Building C object esp-idf/hal/CMakeFiles/__idf_hal.dir/spi_slave_hal.c.obj
[ 25%] Building C object esp-idf/hal/CMakeFiles/__idf_hal.dir/spi_slave_hal_iram.c.obj
[ 25%] Building C object esp-idf/hal/CMakeFiles/__idf_hal.dir/spi_slave_hd_hal.c.obj
[ 25%] Building C object esp-idf/hal/CMakeFiles/__idf_hal.dir/hmac_hal.c.obj
[ 25%] Building C object esp-idf/hal/CMakeFiles/__idf_hal.dir/usb_dwc_hal.c.obj
[ 25%] Building C object esp-idf/hal/CMakeFiles/__idf_hal.dir/spi_flash_hal_gpspi.c.obj
[ 25%] Building C object esp-idf/hal/CMakeFiles/__idf_hal.dir/usb_serial_jtag_hal.c.obj
[ 25%] Building C object esp-idf/hal/CMakeFiles/__idf_hal.dir/ds_hal.c.obj
[ 25%] Building C object esp-idf/hal/CMakeFiles/__idf_hal.dir/xt_wdt_hal.c.obj
[ 25%] Building C object esp-idf/hal/CMakeFiles/__idf_hal.dir/usb_wrap_hal.c.obj
[ 25%] Building C object esp-idf/hal/CMakeFiles/__idf_hal.dir/esp32s3/touch_sensor_hal.c.obj
[ 25%] Building C object esp-idf/hal/CMakeFiles/__idf_hal.dir/touch_sensor_hal.c.obj
[ 25%] Building C object esp-idf/hal/CMakeFiles/__idf_hal.dir/esp32s3/rtc_cntl_hal.c.obj
[ 25%] Linking C static library libhal.a
[ 25%] Built target __idf_hal
[ 25%] Building C object esp-idf/esp_rom/CMakeFiles/__idf_esp_rom.dir/patches/esp_rom_spiflash.c.obj
[ 25%] Building C object esp-idf/esp_rom/CMakeFiles/__idf_esp_rom.dir/patches/esp_rom_systimer.c.obj
[ 25%] Building C object esp-idf/esp_rom/CMakeFiles/__idf_esp_rom.dir/patches/esp_rom_wdt.c.obj
[ 25%] Building C object esp-idf/esp_rom/CMakeFiles/__idf_esp_rom.dir/patches/esp_rom_crc.c.obj
[ 25%] Building C object esp-idf/esp_rom/CMakeFiles/__idf_esp_rom.dir/patches/esp_rom_sys.c.obj
[ 25%] Building C object esp-idf/esp_rom/CMakeFiles/__idf_esp_rom.dir/patches/esp_rom_gpio.c.obj
[ 25%] Building C object esp-idf/esp_rom/CMakeFiles/__idf_esp_rom.dir/patches/esp_rom_uart.c.obj
[ 25%] Building C object esp-idf/esp_rom/CMakeFiles/__idf_esp_rom.dir/patches/esp_rom_efuse.c.obj
[ 25%] Building ASM object esp-idf/esp_rom/CMakeFiles/__idf_esp_rom.dir/patches/esp_rom_longjmp.S.obj
[ 25%] Building C object esp-idf/esp_rom/CMakeFiles/__idf_esp_rom.dir/patches/esp_rom_cache_esp32s2_esp32s3.c.obj
[ 25%] Building ASM object esp-idf/esp_rom/CMakeFiles/__idf_esp_rom.dir/patches/esp_rom_cache_writeback_esp32s3.S.obj
[ 25%] Linking C static library libesp_rom.a
[ 25%] Built target __idf_esp_rom
[ 25%] Building C object esp-idf/esp_system/CMakeFiles/__idf_esp_system.dir/crosscore_int.c.obj
[ 26%] Building C object esp-idf/esp_system/CMakeFiles/__idf_esp_system.dir/panic.c.obj
[ 26%] Building C object esp-idf/esp_system/CMakeFiles/__idf_esp_system.dir/freertos_hooks.c.obj
[ 26%] Building C object esp-idf/esp_system/CMakeFiles/__idf_esp_system.dir/int_wdt.c.obj
[ 26%] Building C object esp-idf/esp_system/CMakeFiles/__idf_esp_system.dir/system_time.c.obj
[ 26%] Building C object esp-idf/esp_system/CMakeFiles/__idf_esp_system.dir/esp_err.c.obj
[ 26%] Building C object esp-idf/esp_system/CMakeFiles/__idf_esp_system.dir/ubsan.c.obj
[ 26%] Building C object esp-idf/esp_system/CMakeFiles/__idf_esp_system.dir/esp_ipc.c.obj
[ 26%] Building C object esp-idf/esp_system/CMakeFiles/__idf_esp_system.dir/task_wdt/task_wdt_impl_timergroup.c.obj
[ 26%] Building C object esp-idf/esp_system/CMakeFiles/__idf_esp_system.dir/esp_system.c.obj
[ 26%] Building C object esp-idf/esp_system/CMakeFiles/__idf_esp_system.dir/port/cpu_start.c.obj
[ 26%] Building C object esp-idf/esp_system/CMakeFiles/__idf_esp_system.dir/port/panic_handler.c.obj
[ 26%] Building ASM object esp-idf/esp_system/CMakeFiles/__idf_esp_system.dir/port/soc/esp32s3/highint_hdl.S.obj
[ 26%] Building C object esp-idf/esp_system/CMakeFiles/__idf_esp_system.dir/xt_wdt.c.obj
[ 26%] Building C object esp-idf/esp_system/CMakeFiles/__idf_esp_system.dir/stack_check.c.obj
[ 26%] Building C object esp-idf/esp_system/CMakeFiles/__idf_esp_system.dir/task_wdt/task_wdt.c.obj
[ 26%] Building C object esp-idf/esp_system/CMakeFiles/__idf_esp_system.dir/debug_stubs.c.obj
[ 26%] Building C object esp-idf/esp_system/CMakeFiles/__idf_esp_system.dir/port/esp_system_chip.c.obj
[ 26%] Building C object esp-idf/esp_system/CMakeFiles/__idf_esp_system.dir/startup.c.obj
[ 26%] Building C object esp-idf/esp_system/CMakeFiles/__idf_esp_system.dir/port/soc/esp32s3/clk.c.obj
[ 26%] Building C object esp-idf/esp_system/CMakeFiles/__idf_esp_system.dir/port/brownout.c.obj
[ 27%] Building C object esp-idf/esp_system/CMakeFiles/__idf_esp_system.dir/port/soc/esp32s3/system_internal.c.obj
[ 27%] Building C object esp-idf/esp_system/CMakeFiles/__idf_esp_system.dir/port/soc/esp32s3/reset_reason.c.obj
[ 27%] Building C object esp-idf/esp_system/CMakeFiles/__idf_esp_system.dir/port/soc/esp32s3/cache_err_int.c.obj
[ 27%] Building C object esp-idf/esp_system/CMakeFiles/__idf_esp_system.dir/port/arch/xtensa/panic_arch.c.obj
[ 27%] Building C object esp-idf/esp_system/CMakeFiles/__idf_esp_system.dir/port/soc/esp32s3/apb_backup_dma.c.obj
[ 27%] Building C object esp-idf/esp_system/CMakeFiles/__idf_esp_system.dir/port/arch/xtensa/expression_with_stack.c.obj
[ 27%] Building ASM object esp-idf/esp_system/CMakeFiles/__idf_esp_system.dir/port/arch/xtensa/panic_handler_asm.S.obj
[ 27%] Building ASM object esp-idf/esp_system/CMakeFiles/__idf_esp_system.dir/port/arch/xtensa/expression_with_stack_asm.S.obj
[ 27%] Building ASM object esp-idf/esp_system/CMakeFiles/__idf_esp_system.dir/port/arch/xtensa/debug_helpers_asm.S.obj
[ 27%] Building C object esp-idf/esp_system/CMakeFiles/__idf_esp_system.dir/port/arch/xtensa/debug_helpers.c.obj
[ 27%] Building C object esp-idf/esp_system/CMakeFiles/__idf_esp_system.dir/port/arch/xtensa/trax.c.obj
[ 27%] Building C object esp-idf/esp_system/CMakeFiles/__idf_esp_system.dir/port/arch/xtensa/debug_stubs.c.obj
[ 27%] Building ASM object esp-idf/esp_system/CMakeFiles/__idf_esp_system.dir/port/arch/xtensa/esp_ipc_isr_routines.S.obj
[ 27%] Building ASM object esp-idf/esp_system/CMakeFiles/__idf_esp_system.dir/port/arch/xtensa/esp_ipc_isr_handler.S.obj
[ 27%] Building C object esp-idf/esp_system/CMakeFiles/__idf_esp_system.dir/port/arch/xtensa/esp_ipc_isr.c.obj
[ 27%] Linking C static library libesp_system.a
[ 27%] Built target __idf_esp_system
[ 27%] Building C object esp-idf/pthread/CMakeFiles/__idf_pthread.dir/pthread.c.obj
[ 27%] Building C object esp-idf/pthread/CMakeFiles/__idf_pthread.dir/pthread_local_storage.c.obj
[ 27%] Building C object esp-idf/pthread/CMakeFiles/__idf_pthread.dir/pthread_rwlock.c.obj
[ 27%] Building C object esp-idf/pthread/CMakeFiles/__idf_pthread.dir/pthread_cond_var.c.obj
[ 27%] Building C object esp-idf/pthread/CMakeFiles/__idf_pthread.dir/pthread_semaphore.c.obj
[ 27%] Linking C static library libpthread.a
[ 27%] Built target __idf_pthread
[ 27%] Building C object esp-idf/spi_flash/CMakeFiles/__idf_spi_flash.dir/flash_brownout_hook.c.obj
[ 27%] Building C object esp-idf/spi_flash/CMakeFiles/__idf_spi_flash.dir/spi_flash_chip_mxic.c.obj
[ 27%] Building C object esp-idf/spi_flash/CMakeFiles/__idf_spi_flash.dir/spi_flash_chip_boya.c.obj
[ 27%] Building C object esp-idf/spi_flash/CMakeFiles/__idf_spi_flash.dir/spi_flash_chip_gd.c.obj
[ 27%] Building C object esp-idf/spi_flash/CMakeFiles/__idf_spi_flash.dir/spi_flash_chip_mxic_opi.c.obj
[ 27%] Building C object esp-idf/spi_flash/CMakeFiles/__idf_spi_flash.dir/memspi_host_driver.c.obj
[ 28%] Building C object esp-idf/spi_flash/CMakeFiles/__idf_spi_flash.dir/flash_mmap.c.obj
[ 28%] Building C object esp-idf/spi_flash/CMakeFiles/__idf_spi_flash.dir/esp32s3/spi_flash_oct_flash_init.c.obj
[ 27%] Building C object esp-idf/spi_flash/CMakeFiles/__idf_spi_flash.dir/spi_flash_chip_drivers.c.obj
[ 28%] Building C object esp-idf/spi_flash/CMakeFiles/__idf_spi_flash.dir/spi_flash_chip_generic.c.obj
[ 28%] Building C object esp-idf/spi_flash/CMakeFiles/__idf_spi_flash.dir/spi_flash_hpm_enable.c.obj
[ 28%] Building C object esp-idf/spi_flash/CMakeFiles/__idf_spi_flash.dir/spi_flash_chip_issi.c.obj
[ 28%] Building C object esp-idf/spi_flash/CMakeFiles/__idf_spi_flash.dir/spi_flash_wrap.c.obj
[ 28%] Building C object esp-idf/spi_flash/CMakeFiles/__idf_spi_flash.dir/spi_flash_chip_winbond.c.obj
[ 28%] Building C object esp-idf/spi_flash/CMakeFiles/__idf_spi_flash.dir/spi_flash_chip_th.c.obj
[ 28%] Building C object esp-idf/spi_flash/CMakeFiles/__idf_spi_flash.dir/cache_utils.c.obj
[ 28%] Building C object esp-idf/spi_flash/CMakeFiles/__idf_spi_flash.dir/flash_ops.c.obj
[ 28%] Building C object esp-idf/spi_flash/CMakeFiles/__idf_spi_flash.dir/esp_flash_api.c.obj
[ 28%] Building C object esp-idf/spi_flash/CMakeFiles/__idf_spi_flash.dir/esp_flash_spi_init.c.obj
[ 28%] Building C object esp-idf/spi_flash/CMakeFiles/__idf_spi_flash.dir/spi_flash_os_func_noos.c.obj
[ 28%] Building C object esp-idf/spi_flash/CMakeFiles/__idf_spi_flash.dir/spi_flash_os_func_app.c.obj
[ 28%] Linking C static library libspi_flash.a
[ 28%] Built target __idf_spi_flash
[ 28%] Building C object esp-idf/esp_mm/CMakeFiles/__idf_esp_mm.dir/esp_mmu_map.c.obj
[ 28%] Building C object esp-idf/esp_mm/CMakeFiles/__idf_esp_mm.dir/port/esp32s3/ext_mem_layout.c.obj
[ 28%] Building C object esp-idf/esp_mm/CMakeFiles/__idf_esp_mm.dir/esp_cache.c.obj
[ 28%] Linking C static library libesp_mm.a
[ 28%] Built target __idf_esp_mm
[ 28%] Building C object esp-idf/app_update/CMakeFiles/__idf_app_update.dir/esp_ota_app_desc.c.obj
[ 28%] Building C object esp-idf/app_update/CMakeFiles/__idf_app_update.dir/esp_ota_ops.c.obj
[ 28%] Linking C static library libapp_update.a
[ 28%] Built target __idf_app_update
[ 29%] Building C object esp-idf/esp_partition/CMakeFiles/__idf_esp_partition.dir/partition.c.obj
[ 29%] Building C object esp-idf/esp_partition/CMakeFiles/__idf_esp_partition.dir/partition_target.c.obj
[ 29%] Linking C static library libesp_partition.a
[ 29%] Built target __idf_esp_partition
[ 29%] Building C object esp-idf/bootloader_support/CMakeFiles/__idf_bootloader_support.dir/src/bootloader_common.c.obj
[ 29%] Building C object esp-idf/bootloader_support/CMakeFiles/__idf_bootloader_support.dir/src/bootloader_random_esp32s3.c.obj
[ 29%] Building C object esp-idf/bootloader_support/CMakeFiles/__idf_bootloader_support.dir/src/secure_boot.c.obj
[ 29%] Building C object esp-idf/bootloader_support/CMakeFiles/__idf_bootloader_support.dir/bootloader_flash/src/bootloader_flash_config_esp32s3.c.obj
[ 29%] Building C object esp-idf/bootloader_support/CMakeFiles/__idf_bootloader_support.dir/bootloader_flash/src/flash_qio_mode.c.obj
[ 29%] Building C object esp-idf/bootloader_support/CMakeFiles/__idf_bootloader_support.dir/src/bootloader_clock_init.c.obj
[ 29%] Building C object esp-idf/bootloader_support/CMakeFiles/__idf_bootloader_support.dir/src/bootloader_mem.c.obj
[ 29%] Building C object esp-idf/bootloader_support/CMakeFiles/__idf_bootloader_support.dir/src/bootloader_utility.c.obj
[ 29%] Building C object esp-idf/bootloader_support/CMakeFiles/__idf_bootloader_support.dir/src/bootloader_common_loader.c.obj
[ 29%] Building C object esp-idf/bootloader_support/CMakeFiles/__idf_bootloader_support.dir/src/esp_image_format.c.obj
[ 29%] Building C object esp-idf/bootloader_support/CMakeFiles/__idf_bootloader_support.dir/src/bootloader_random.c.obj
[ 29%] Building C object esp-idf/bootloader_support/CMakeFiles/__idf_bootloader_support.dir/src/flash_encrypt.c.obj
[ 29%] Building C object esp-idf/bootloader_support/CMakeFiles/__idf_bootloader_support.dir/src/bootloader_efuse.c.obj
[ 30%] Building C object esp-idf/bootloader_support/CMakeFiles/__idf_bootloader_support.dir/bootloader_flash/src/bootloader_flash.c.obj
[ 30%] Building C object esp-idf/bootloader_support/CMakeFiles/__idf_bootloader_support.dir/src/flash_partitions.c.obj
[ 30%] Building C object esp-idf/bootloader_support/CMakeFiles/__idf_bootloader_support.dir/src/idf/bootloader_sha.c.obj
[ 30%] Linking C static library libbootloader_support.a
[ 30%] Built target __idf_bootloader_support
[ 30%] Building C object esp-idf/esp_app_format/CMakeFiles/__idf_esp_app_format.dir/esp_app_desc.c.obj
[ 30%] Linking C static library libesp_app_format.a
[ 30%] Built target __idf_esp_app_format
[ 30%] Building C object esp-idf/mbedtls/mbedtls/library/CMakeFiles/mbedtls.dir/mps_trace.c.obj
[ 31%] Building C object esp-idf/mbedtls/mbedtls/library/CMakeFiles/mbedtls.dir/ssl_cache.c.obj
[ 31%] Building C object esp-idf/mbedtls/mbedtls/library/CMakeFiles/mbedtls.dir/ssl_client.c.obj
[ 31%] Building C object esp-idf/mbedtls/mbedtls/library/CMakeFiles/mbedtls.dir/ssl_ticket.c.obj
[ 31%] Building C object esp-idf/mbedtls/mbedtls/library/CMakeFiles/mbedtls.dir/ssl_tls13_keys.c.obj
[ 31%] Building C object esp-idf/mbedtls/mbedtls/library/CMakeFiles/mbedtls.dir/ssl_tls13_server.c.obj
[ 31%] Building C object esp-idf/mbedtls/mbedtls/library/CMakeFiles/mbedtls.dir/debug.c.obj
[ 31%] Building C object esp-idf/mbedtls/mbedtls/library/CMakeFiles/mbedtls.dir/mps_reader.c.obj
[ 31%] Building C object esp-idf/mbedtls/mbedtls/library/CMakeFiles/mbedtls.dir/ssl_tls12_server.c.obj
[ 31%] Building C object esp-idf/mbedtls/mbedtls/library/CMakeFiles/mbedtls.dir/home/erbj/esp/v5.1.6/esp-idf/components/mbedtls/port/esp_platform_time.c.obj
[ 31%] Building C object esp-idf/mbedtls/mbedtls/library/CMakeFiles/mbedtls.dir/home/erbj/esp/v5.1.6/esp-idf/components/mbedtls/port/net_sockets.c.obj
[ 31%] Building C object esp-idf/mbedtls/mbedtls/library/CMakeFiles/mbedtls.dir/ssl_cookie.c.obj
[ 31%] Building C object esp-idf/mbedtls/mbedtls/library/CMakeFiles/mbedtls.dir/ssl_ciphersuites.c.obj
[ 31%] Building C object esp-idf/mbedtls/mbedtls/library/CMakeFiles/mbedtls.dir/ssl_debug_helpers_generated.c.obj
[ 31%] Building C object esp-idf/mbedtls/mbedtls/library/CMakeFiles/mbedtls.dir/ssl_msg.c.obj
[ 31%] Building C object esp-idf/mbedtls/mbedtls/library/CMakeFiles/mbedtls.dir/ssl_tls.c.obj
[ 31%] Building C object esp-idf/mbedtls/mbedtls/library/CMakeFiles/mbedtls.dir/ssl_tls12_client.c.obj
[ 31%] Building C object esp-idf/mbedtls/mbedtls/library/CMakeFiles/mbedtls.dir/ssl_tls13_client.c.obj
[ 31%] Building C object esp-idf/mbedtls/mbedtls/library/CMakeFiles/mbedtls.dir/ssl_tls13_generic.c.obj
[ 31%] Building C object esp-idf/mbedtls/mbedtls/library/CMakeFiles/mbedtls.dir/home/erbj/esp/v5.1.6/esp-idf/components/mbedtls/port/mbedtls_debug.c.obj
[ 31%] Linking CXX static library libmbedtls.a
[ 31%] Built target mbedtls
[ 31%] Building C object esp-idf/mbedtls/mbedtls/library/CMakeFiles/mbedx509.dir/x509_create.c.obj
[ 31%] Building C object esp-idf/mbedtls/mbedtls/library/CMakeFiles/mbedx509.dir/x509_crl.c.obj
[ 31%] Building C object esp-idf/mbedtls/mbedtls/library/CMakeFiles/mbedx509.dir/x509write.c.obj
[ 31%] Building C object esp-idf/mbedtls/mbedtls/library/CMakeFiles/mbedx509.dir/x509write_csr.c.obj
[ 32%] Building C object esp-idf/mbedtls/mbedtls/library/CMakeFiles/mbedx509.dir/x509.c.obj
[ 32%] Building C object esp-idf/mbedtls/mbedtls/library/CMakeFiles/mbedx509.dir/pkcs7.c.obj
[ 32%] Building C object esp-idf/mbedtls/mbedtls/library/CMakeFiles/mbedx509.dir/x509_crt.c.obj
[ 32%] Building C object esp-idf/mbedtls/mbedtls/library/CMakeFiles/mbedx509.dir/x509write_crt.c.obj
[ 32%] Building C object esp-idf/mbedtls/mbedtls/library/CMakeFiles/mbedx509.dir/x509_csr.c.obj
[ 32%] Linking CXX static library libmbedx509.a
[ 32%] Built target mbedx509
[ 32%] Building C object esp-idf/mbedtls/mbedtls/library/CMakeFiles/mbedcrypto.dir/aesni.c.obj
[ 32%] Building C object esp-idf/mbedtls/mbedtls/library/CMakeFiles/mbedcrypto.dir/aesce.c.obj
[ 32%] Building C object esp-idf/mbedtls/mbedtls/library/CMakeFiles/mbedcrypto.dir/bignum_core.c.obj
[ 32%] Building C object esp-idf/mbedtls/mbedtls/library/CMakeFiles/mbedcrypto.dir/bignum_mod.c.obj
[ 32%] Building C object esp-idf/mbedtls/mbedtls/library/CMakeFiles/mbedcrypto.dir/aes.c.obj
[ 32%] Building C object esp-idf/mbedtls/mbedtls/library/CMakeFiles/mbedcrypto.dir/camellia.c.obj
[ 32%] Building C object esp-idf/mbedtls/mbedtls/library/CMakeFiles/mbedcrypto.dir/ccm.c.obj
[ 32%] Building C object esp-idf/mbedtls/mbedtls/library/CMakeFiles/mbedcrypto.dir/asn1parse.c.obj
[ 33%] Building C object esp-idf/mbedtls/mbedtls/library/CMakeFiles/mbedcrypto.dir/cipher.c.obj
[ 33%] Building C object esp-idf/mbedtls/mbedtls/library/CMakeFiles/mbedcrypto.dir/chachapoly.c.obj
[ 33%] Building C object esp-idf/mbedtls/mbedtls/library/CMakeFiles/mbedcrypto.dir/aria.c.obj
[ 33%] Building C object esp-idf/mbedtls/mbedtls/library/CMakeFiles/mbedcrypto.dir/asn1write.c.obj
[ 33%] Building C object esp-idf/mbedtls/mbedtls/library/CMakeFiles/mbedcrypto.dir/bignum.c.obj
[ 33%] Building C object esp-idf/mbedtls/mbedtls/library/CMakeFiles/mbedcrypto.dir/cmac.c.obj
[ 33%] Building C object esp-idf/mbedtls/mbedtls/library/CMakeFiles/mbedcrypto.dir/block_cipher.c.obj
[ 33%] Building C object esp-idf/mbedtls/mbedtls/library/CMakeFiles/mbedcrypto.dir/bignum_mod_raw.c.obj
[ 33%] Building C object esp-idf/mbedtls/mbedtls/library/CMakeFiles/mbedcrypto.dir/base64.c.obj
[ 33%] Building C object esp-idf/mbedtls/mbedtls/library/CMakeFiles/mbedcrypto.dir/chacha20.c.obj
[ 33%] Building C object esp-idf/mbedtls/mbedtls/library/CMakeFiles/mbedcrypto.dir/ctr_drbg.c.obj
[ 33%] Building C object esp-idf/mbedtls/mbedtls/library/CMakeFiles/mbedcrypto.dir/constant_time.c.obj
[ 33%] Building C object esp-idf/mbedtls/mbedtls/library/CMakeFiles/mbedcrypto.dir/cipher_wrap.c.obj
[ 33%] Building C object esp-idf/mbedtls/mbedtls/library/CMakeFiles/mbedcrypto.dir/des.c.obj
[ 33%] Building C object esp-idf/mbedtls/mbedtls/library/CMakeFiles/mbedcrypto.dir/dhm.c.obj
[ 33%] Building C object esp-idf/mbedtls/mbedtls/library/CMakeFiles/mbedcrypto.dir/ecdh.c.obj
[ 33%] Building C object esp-idf/mbedtls/mbedtls/library/CMakeFiles/mbedcrypto.dir/ecdsa.c.obj
[ 33%] Building C object esp-idf/mbedtls/mbedtls/library/CMakeFiles/mbedcrypto.dir/ecjpake.c.obj
[ 33%] Building C object esp-idf/mbedtls/mbedtls/library/CMakeFiles/mbedcrypto.dir/ecp.c.obj
[ 33%] Building C object esp-idf/mbedtls/mbedtls/library/CMakeFiles/mbedcrypto.dir/entropy_poll.c.obj
[ 33%] Building C object esp-idf/mbedtls/mbedtls/library/CMakeFiles/mbedcrypto.dir/ecp_curves_new.c.obj
[ 33%] Building C object esp-idf/mbedtls/mbedtls/library/CMakeFiles/mbedcrypto.dir/ecp_curves.c.obj
[ 33%] Building C object esp-idf/mbedtls/mbedtls/library/CMakeFiles/mbedcrypto.dir/error.c.obj
[ 33%] Building C object esp-idf/mbedtls/mbedtls/library/CMakeFiles/mbedcrypto.dir/entropy.c.obj
[ 33%] Building C object esp-idf/mbedtls/mbedtls/library/CMakeFiles/mbedcrypto.dir/gcm.c.obj
[ 33%] Building C object esp-idf/mbedtls/mbedtls/library/CMakeFiles/mbedcrypto.dir/lms.c.obj
[ 33%] Building C object esp-idf/mbedtls/mbedtls/library/CMakeFiles/mbedcrypto.dir/lmots.c.obj
[ 33%] Building C object esp-idf/mbedtls/mbedtls/library/CMakeFiles/mbedcrypto.dir/hmac_drbg.c.obj
[ 34%] Building C object esp-idf/mbedtls/mbedtls/library/CMakeFiles/mbedcrypto.dir/hkdf.c.obj
[ 34%] Building C object esp-idf/mbedtls/mbedtls/library/CMakeFiles/mbedcrypto.dir/md.c.obj
[ 34%] Building C object esp-idf/mbedtls/mbedtls/library/CMakeFiles/mbedcrypto.dir/md5.c.obj
[ 34%] Building C object esp-idf/mbedtls/mbedtls/library/CMakeFiles/mbedcrypto.dir/memory_buffer_alloc.c.obj
[ 34%] Building C object esp-idf/mbedtls/mbedtls/library/CMakeFiles/mbedcrypto.dir/nist_kw.c.obj
[ 34%] Building C object esp-idf/mbedtls/mbedtls/library/CMakeFiles/mbedcrypto.dir/oid.c.obj
[ 34%] Building C object esp-idf/mbedtls/mbedtls/library/CMakeFiles/mbedcrypto.dir/padlock.c.obj
[ 34%] Building C object esp-idf/mbedtls/mbedtls/library/CMakeFiles/mbedcrypto.dir/pk_wrap.c.obj
[ 34%] Building C object esp-idf/mbedtls/mbedtls/library/CMakeFiles/mbedcrypto.dir/pk_ecc.c.obj
[ 34%] Building C object esp-idf/mbedtls/mbedtls/library/CMakeFiles/mbedcrypto.dir/pkcs12.c.obj
[ 34%] Building C object esp-idf/mbedtls/mbedtls/library/CMakeFiles/mbedcrypto.dir/pk.c.obj
[ 34%] Building C object esp-idf/mbedtls/mbedtls/library/CMakeFiles/mbedcrypto.dir/pem.c.obj
[ 34%] Building C object esp-idf/mbedtls/mbedtls/library/CMakeFiles/mbedcrypto.dir/pkparse.c.obj
[ 35%] Building C object esp-idf/mbedtls/mbedtls/library/CMakeFiles/mbedcrypto.dir/pkwrite.c.obj
[ 35%] Building C object esp-idf/mbedtls/mbedtls/library/CMakeFiles/mbedcrypto.dir/pkcs5.c.obj
[ 35%] Building C object esp-idf/mbedtls/mbedtls/library/CMakeFiles/mbedcrypto.dir/platform.c.obj
[ 35%] Building C object esp-idf/mbedtls/mbedtls/library/CMakeFiles/mbedcrypto.dir/poly1305.c.obj
[ 35%] Building C object esp-idf/mbedtls/mbedtls/library/CMakeFiles/mbedcrypto.dir/platform_util.c.obj
[ 35%] Building C object esp-idf/mbedtls/mbedtls/library/CMakeFiles/mbedcrypto.dir/psa_crypto.c.obj
[ 35%] Building C object esp-idf/mbedtls/mbedtls/library/CMakeFiles/mbedcrypto.dir/psa_crypto_aead.c.obj
[ 35%] Building C object esp-idf/mbedtls/mbedtls/library/CMakeFiles/mbedcrypto.dir/psa_crypto_cipher.c.obj
[ 35%] Building C object esp-idf/mbedtls/mbedtls/library/CMakeFiles/mbedcrypto.dir/psa_crypto_client.c.obj
[ 35%] Building C object esp-idf/mbedtls/mbedtls/library/CMakeFiles/mbedcrypto.dir/psa_crypto_driver_wrappers_no_static.c.obj
[ 35%] Building C object esp-idf/mbedtls/mbedtls/library/CMakeFiles/mbedcrypto.dir/psa_crypto_ecp.c.obj
[ 35%] Building C object esp-idf/mbedtls/mbedtls/library/CMakeFiles/mbedcrypto.dir/psa_crypto_hash.c.obj
[ 35%] Building C object esp-idf/mbedtls/mbedtls/library/CMakeFiles/mbedcrypto.dir/psa_crypto_ffdh.c.obj
[ 35%] Building C object esp-idf/mbedtls/mbedtls/library/CMakeFiles/mbedcrypto.dir/psa_crypto_mac.c.obj
[ 35%] Building C object esp-idf/mbedtls/mbedtls/library/CMakeFiles/mbedcrypto.dir/psa_crypto_rsa.c.obj
[ 35%] Building C object esp-idf/mbedtls/mbedtls/library/CMakeFiles/mbedcrypto.dir/psa_crypto_pake.c.obj
[ 35%] Building C object esp-idf/mbedtls/mbedtls/library/CMakeFiles/mbedcrypto.dir/psa_crypto_se.c.obj
[ 35%] Building C object esp-idf/mbedtls/mbedtls/library/CMakeFiles/mbedcrypto.dir/psa_crypto_slot_management.c.obj
[ 35%] Building C object esp-idf/mbedtls/mbedtls/library/CMakeFiles/mbedcrypto.dir/psa_crypto_storage.c.obj
[ 35%] Building C object esp-idf/mbedtls/mbedtls/library/CMakeFiles/mbedcrypto.dir/psa_util.c.obj
[ 35%] Building C object esp-idf/mbedtls/mbedtls/library/CMakeFiles/mbedcrypto.dir/ripemd160.c.obj
[ 36%] Building C object esp-idf/mbedtls/mbedtls/library/CMakeFiles/mbedcrypto.dir/psa_its_file.c.obj
[ 36%] Building C object esp-idf/mbedtls/mbedtls/library/CMakeFiles/mbedcrypto.dir/rsa.c.obj
[ 36%] Building C object esp-idf/mbedtls/mbedtls/library/CMakeFiles/mbedcrypto.dir/rsa_alt_helpers.c.obj
[ 36%] Building C object esp-idf/mbedtls/mbedtls/library/CMakeFiles/mbedcrypto.dir/sha512.c.obj
[ 36%] Building C object esp-idf/mbedtls/mbedtls/library/CMakeFiles/mbedcrypto.dir/sha256.c.obj
[ 36%] Building C object esp-idf/mbedtls/mbedtls/library/CMakeFiles/mbedcrypto.dir/sha1.c.obj
[ 36%] Building C object esp-idf/mbedtls/mbedtls/library/CMakeFiles/mbedcrypto.dir/sha3.c.obj
[ 36%] Building C object esp-idf/mbedtls/mbedtls/library/CMakeFiles/mbedcrypto.dir/threading.c.obj
[ 36%] Building C object esp-idf/mbedtls/mbedtls/library/CMakeFiles/mbedcrypto.dir/version.c.obj
[ 36%] Building C object esp-idf/mbedtls/mbedtls/library/CMakeFiles/mbedcrypto.dir/version_features.c.obj
[ 36%] Building C object esp-idf/mbedtls/mbedtls/library/CMakeFiles/mbedcrypto.dir/home/erbj/esp/v5.1.6/esp-idf/components/mbedtls/port/aes/dma/esp_aes_gdma_impl.c.obj
[ 36%] Building C object esp-idf/mbedtls/mbedtls/library/CMakeFiles/mbedcrypto.dir/home/erbj/esp/v5.1.6/esp-idf/components/mbedtls/port/crypto_shared_gdma/esp_crypto_shared_gdma.c.obj
[ 36%] Building C object esp-idf/mbedtls/mbedtls/library/CMakeFiles/mbedcrypto.dir/timing.c.obj
[ 36%] Building C object esp-idf/mbedtls/mbedtls/library/CMakeFiles/mbedcrypto.dir/home/erbj/esp/v5.1.6/esp-idf/components/mbedtls/port/esp_hardware.c.obj
[ 36%] Building C object esp-idf/mbedtls/mbedtls/library/CMakeFiles/mbedcrypto.dir/home/erbj/esp/v5.1.6/esp-idf/components/mbedtls/port/sha/dma/esp_sha_gdma_impl.c.obj
[ 36%] Building C object esp-idf/mbedtls/mbedtls/library/CMakeFiles/mbedcrypto.dir/home/erbj/esp/v5.1.6/esp-idf/components/mbedtls/port/esp_mem.c.obj
[ 37%] Building C object esp-idf/mbedtls/mbedtls/library/CMakeFiles/mbedcrypto.dir/home/erbj/esp/v5.1.6/esp-idf/components/mbedtls/port/esp_timing.c.obj
[ 37%] Building C object esp-idf/mbedtls/mbedtls/library/CMakeFiles/mbedcrypto.dir/home/erbj/esp/v5.1.6/esp-idf/components/mbedtls/port/aes/esp_aes_xts.c.obj
[ 37%] Building C object esp-idf/mbedtls/mbedtls/library/CMakeFiles/mbedcrypto.dir/home/erbj/esp/v5.1.6/esp-idf/components/mbedtls/port/aes/esp_aes_common.c.obj
[ 37%] Building C object esp-idf/mbedtls/mbedtls/library/CMakeFiles/mbedcrypto.dir/home/erbj/esp/v5.1.6/esp-idf/components/mbedtls/port/aes/dma/esp_aes.c.obj
[ 37%] Building C object esp-idf/mbedtls/mbedtls/library/CMakeFiles/mbedcrypto.dir/home/erbj/esp/v5.1.6/esp-idf/components/mbedtls/port/sha/esp_sha.c.obj
[ 37%] Building C object esp-idf/mbedtls/mbedtls/library/CMakeFiles/mbedcrypto.dir/home/erbj/esp/v5.1.6/esp-idf/components/mbedtls/port/sha/dma/sha.c.obj
[ 37%] Building C object esp-idf/mbedtls/mbedtls/library/CMakeFiles/mbedcrypto.dir/home/erbj/esp/v5.1.6/esp-idf/components/mbedtls/port/esp32s3/bignum.c.obj
[ 37%] Building C object esp-idf/mbedtls/mbedtls/library/CMakeFiles/mbedcrypto.dir/home/erbj/esp/v5.1.6/esp-idf/components/mbedtls/port/esp_bignum.c.obj
[ 37%] Building C object esp-idf/mbedtls/mbedtls/library/CMakeFiles/mbedcrypto.dir/home/erbj/esp/v5.1.6/esp-idf/components/mbedtls/port/sha/dma/esp_sha1.c.obj
[ 37%] Building C object esp-idf/mbedtls/mbedtls/library/CMakeFiles/mbedcrypto.dir/home/erbj/esp/v5.1.6/esp-idf/components/mbedtls/port/esp_ds/esp_rsa_sign_alt.c.obj
[ 37%] Building C object esp-idf/mbedtls/mbedtls/library/CMakeFiles/mbedcrypto.dir/home/erbj/esp/v5.1.6/esp-idf/components/mbedtls/port/sha/dma/esp_sha256.c.obj
[ 37%] Building C object esp-idf/mbedtls/mbedtls/library/CMakeFiles/mbedcrypto.dir/home/erbj/esp/v5.1.6/esp-idf/components/mbedtls/port/sha/dma/esp_sha512.c.obj
[ 37%] Building C object esp-idf/mbedtls/mbedtls/library/CMakeFiles/mbedcrypto.dir/home/erbj/esp/v5.1.6/esp-idf/components/mbedtls/port/aes/esp_aes_gcm.c.obj
[ 37%] Building C object esp-idf/mbedtls/mbedtls/library/CMakeFiles/mbedcrypto.dir/home/erbj/esp/v5.1.6/esp-idf/components/mbedtls/port/md/esp_md.c.obj
[ 37%] Linking CXX static library libmbedcrypto.a
[ 37%] Built target mbedcrypto
[ 37%] Building C object esp-idf/mbedtls/mbedtls/3rdparty/p256-m/CMakeFiles/p256m.dir/p256-m_driver_entrypoints.c.obj
[ 37%] Building C object esp-idf/mbedtls/mbedtls/3rdparty/p256-m/CMakeFiles/p256m.dir/p256-m/p256-m.c.obj
[ 37%] Linking CXX static library libp256m.a
[ 37%] Built target p256m
[ 37%] Building C object esp-idf/mbedtls/mbedtls/3rdparty/everest/CMakeFiles/everest.dir/library/x25519.c.obj
[ 37%] Building C object esp-idf/mbedtls/mbedtls/3rdparty/everest/CMakeFiles/everest.dir/library/everest.c.obj
[ 37%] Building C object esp-idf/mbedtls/mbedtls/3rdparty/everest/CMakeFiles/everest.dir/library/Hacl_Curve25519_joined.c.obj
[ 37%] Linking CXX static library libeverest.a
[ 37%] Built target everest
[ 37%] Generating x509_crt_bundle
[ 37%] Generating ../../x509_crt_bundle.S
[ 37%] Building ASM object esp-idf/mbedtls/CMakeFiles/__idf_mbedtls.dir/__/__/x509_crt_bundle.S.obj
[ 37%] Building C object esp-idf/mbedtls/CMakeFiles/__idf_mbedtls.dir/esp_crt_bundle/esp_crt_bundle.c.obj
[ 37%] Linking C static library libmbedtls.a
[ 37%] Built target __idf_mbedtls
[ 37%] Building C object esp-idf/esp_pm/CMakeFiles/__idf_esp_pm.dir/pm_impl.c.obj
[ 37%] Building C object esp-idf/esp_pm/CMakeFiles/__idf_esp_pm.dir/pm_trace.c.obj
[ 37%] Building C object esp-idf/esp_pm/CMakeFiles/__idf_esp_pm.dir/pm_locks.c.obj
[ 37%] Linking C static library libesp_pm.a
[ 37%] Built target __idf_esp_pm
[ 37%] Building C object esp-idf/driver/CMakeFiles/__idf_driver.dir/gpio/gpio_glitch_filter_ops.c.obj
[ 37%] Building C object esp-idf/driver/CMakeFiles/__idf_driver.dir/spi/spi_bus_lock.c.obj
[ 38%] Building C object esp-idf/driver/CMakeFiles/__idf_driver.dir/deprecated/adc_legacy.c.obj
[ 38%] Building C object esp-idf/driver/CMakeFiles/__idf_driver.dir/gpio/gpio_pin_glitch_filter.c.obj
[ 38%] Building C object esp-idf/driver/CMakeFiles/__idf_driver.dir/gptimer/gptimer.c.obj
[ 38%] Building C object esp-idf/driver/CMakeFiles/__idf_driver.dir/gpio/dedic_gpio.c.obj
[ 38%] Building C object esp-idf/driver/CMakeFiles/__idf_driver.dir/gptimer/gptimer_priv.c.obj
[ 38%] Building C object esp-idf/driver/CMakeFiles/__idf_driver.dir/gpio/gpio.c.obj
[ 38%] Building C object esp-idf/driver/CMakeFiles/__idf_driver.dir/gpio/rtc_io.c.obj
[ 38%] Building C object esp-idf/driver/CMakeFiles/__idf_driver.dir/i2s/i2s_tdm.c.obj
[ 38%] Building C object esp-idf/driver/CMakeFiles/__idf_driver.dir/deprecated/adc_dma_legacy.c.obj
[ 38%] Building C object esp-idf/driver/CMakeFiles/__idf_driver.dir/ledc/ledc.c.obj
[ 38%] Building C object esp-idf/driver/CMakeFiles/__idf_driver.dir/deprecated/timer_legacy.c.obj
[ 38%] Building C object esp-idf/driver/CMakeFiles/__idf_driver.dir/i2s/i2s_common.c.obj
[ 38%] Building C object esp-idf/driver/CMakeFiles/__idf_driver.dir/i2c/i2c.c.obj
[ 38%] Building C object esp-idf/driver/CMakeFiles/__idf_driver.dir/deprecated/i2s_legacy.c.obj
[ 38%] Building C object esp-idf/driver/CMakeFiles/__idf_driver.dir/i2s/i2s_std.c.obj
[ 38%] Building C object esp-idf/driver/CMakeFiles/__idf_driver.dir/i2s/i2s_pdm.c.obj
[ 38%] Building C object esp-idf/driver/CMakeFiles/__idf_driver.dir/mcpwm/mcpwm_cmpr.c.obj
[ 38%] Building C object esp-idf/driver/CMakeFiles/__idf_driver.dir/mcpwm/mcpwm_cap.c.obj
[ 38%] Building C object esp-idf/driver/CMakeFiles/__idf_driver.dir/mcpwm/mcpwm_fault.c.obj
[ 38%] Building C object esp-idf/driver/CMakeFiles/__idf_driver.dir/mcpwm/mcpwm_com.c.obj
[ 39%] Building C object esp-idf/driver/CMakeFiles/__idf_driver.dir/mcpwm/mcpwm_gen.c.obj
[ 39%] Building C object esp-idf/driver/CMakeFiles/__idf_driver.dir/mcpwm/mcpwm_sync.c.obj
[ 39%] Building C object esp-idf/driver/CMakeFiles/__idf_driver.dir/mcpwm/mcpwm_oper.c.obj
[ 39%] Building C object esp-idf/driver/CMakeFiles/__idf_driver.dir/mcpwm/mcpwm_timer.c.obj
[ 39%] Building C object esp-idf/driver/CMakeFiles/__idf_driver.dir/deprecated/mcpwm_legacy.c.obj
[ 39%] Building C object esp-idf/driver/CMakeFiles/__idf_driver.dir/pcnt/pulse_cnt.c.obj
[ 39%] Building C object esp-idf/driver/CMakeFiles/__idf_driver.dir/deprecated/pcnt_legacy.c.obj
[ 39%] Building C object esp-idf/driver/CMakeFiles/__idf_driver.dir/rmt/rmt_rx.c.obj
[ 39%] Building C object esp-idf/driver/CMakeFiles/__idf_driver.dir/rmt/rmt_common.c.obj
[ 39%] Building C object esp-idf/driver/CMakeFiles/__idf_driver.dir/rmt/rmt_encoder.c.obj
[ 39%] Building C object esp-idf/driver/CMakeFiles/__idf_driver.dir/rmt/rmt_tx.c.obj
[ 39%] Building C object esp-idf/driver/CMakeFiles/__idf_driver.dir/deprecated/rmt_legacy.c.obj
[ 39%] Building C object esp-idf/driver/CMakeFiles/__idf_driver.dir/sdmmc/sdmmc_transaction.c.obj
[ 39%] Building C object esp-idf/driver/CMakeFiles/__idf_driver.dir/sdmmc/sdmmc_host.c.obj
[ 39%] Building C object esp-idf/driver/CMakeFiles/__idf_driver.dir/sigma_delta/sdm.c.obj
[ 39%] Building C object esp-idf/driver/CMakeFiles/__idf_driver.dir/deprecated/sigma_delta_legacy.c.obj
[ 39%] Building C object esp-idf/driver/CMakeFiles/__idf_driver.dir/spi/gpspi/spi_common.c.obj
[ 39%] Building C object esp-idf/driver/CMakeFiles/__idf_driver.dir/spi/gpspi/spi_master.c.obj
[ 40%] Building C object esp-idf/driver/CMakeFiles/__idf_driver.dir/spi/gpspi/spi_slave.c.obj
[ 40%] Building C object esp-idf/driver/CMakeFiles/__idf_driver.dir/spi/sdspi/sdspi_crc.c.obj
[ 40%] Building C object esp-idf/driver/CMakeFiles/__idf_driver.dir/spi/sdspi/sdspi_host.c.obj
[ 40%] Building C object esp-idf/driver/CMakeFiles/__idf_driver.dir/spi/sdspi/sdspi_transaction.c.obj
[ 40%] Building C object esp-idf/driver/CMakeFiles/__idf_driver.dir/spi/gpspi/spi_slave_hd.c.obj
[ 40%] Building C object esp-idf/driver/CMakeFiles/__idf_driver.dir/touch_sensor/esp32s3/touch_sensor.c.obj
[ 40%] Building C object esp-idf/driver/CMakeFiles/__idf_driver.dir/temperature_sensor/temperature_sensor.c.obj
[ 40%] Building C object esp-idf/driver/CMakeFiles/__idf_driver.dir/deprecated/rtc_temperature_legacy.c.obj
[ 40%] Building C object esp-idf/driver/CMakeFiles/__idf_driver.dir/touch_sensor/touch_sensor_common.c.obj
[ 40%] Building C object esp-idf/driver/CMakeFiles/__idf_driver.dir/twai/twai.c.obj
[ 40%] Building C object esp-idf/driver/CMakeFiles/__idf_driver.dir/uart/uart.c.obj
[ 40%] Building C object esp-idf/driver/CMakeFiles/__idf_driver.dir/usb_serial_jtag/usb_serial_jtag.c.obj
[ 40%] Building C object esp-idf/driver/CMakeFiles/__idf_driver.dir/usb_serial_jtag/usb_serial_jtag_connection_monitor.c.obj
[ 40%] Linking C static library libdriver.a
[ 40%] Built target __idf_driver
[ 40%] Building C object esp-idf/efuse/CMakeFiles/__idf_efuse.dir/esp32s3/esp_efuse_fields.c.obj
[ 41%] Building C object esp-idf/efuse/CMakeFiles/__idf_efuse.dir/esp32s3/esp_efuse_utility.c.obj
[ 41%] Building C object esp-idf/efuse/CMakeFiles/__idf_efuse.dir/src/esp_efuse_api.c.obj
[ 41%] Building C object esp-idf/efuse/CMakeFiles/__idf_efuse.dir/src/esp_efuse_utility.c.obj
[ 41%] Building C object esp-idf/efuse/CMakeFiles/__idf_efuse.dir/esp32s3/esp_efuse_table.c.obj
[ 41%] Building C object esp-idf/efuse/CMakeFiles/__idf_efuse.dir/esp32s3/esp_efuse_rtc_calib.c.obj
[ 41%] Building C object esp-idf/efuse/CMakeFiles/__idf_efuse.dir/src/esp_efuse_fields.c.obj
[ 41%] Building C object esp-idf/efuse/CMakeFiles/__idf_efuse.dir/src/efuse_controller/keys/with_key_purposes/esp_efuse_api_key.c.obj
[ 41%] Linking C static library libefuse.a
[ 41%] Built target __idf_efuse
[ 41%] Building C object esp-idf/esp_ringbuf/CMakeFiles/__idf_esp_ringbuf.dir/ringbuf.c.obj
[ 42%] Linking C static library libesp_ringbuf.a
[ 42%] Built target __idf_esp_ringbuf
[ 42%] Building C object esp-idf/xtensa/CMakeFiles/__idf_xtensa.dir/eri.c.obj
[ 42%] Building C object esp-idf/xtensa/CMakeFiles/__idf_xtensa.dir/xt_trax.c.obj
[ 42%] Building C object esp-idf/xtensa/CMakeFiles/__idf_xtensa.dir/xtensa_intr.c.obj
[ 42%] Building ASM object esp-idf/xtensa/CMakeFiles/__idf_xtensa.dir/xtensa_intr_asm.S.obj
[ 43%] Linking C static library libxtensa.a
[ 43%] Built target __idf_xtensa
[ 43%] Building C object esp-idf/esp-idf-lib__i2cdev/CMakeFiles/__idf_esp-idf-lib__i2cdev.dir/i2cdev_legacy.c.obj
[ 43%] Building C object esp-idf/unity/CMakeFiles/__idf_unity.dir/unity/src/unity.c.obj
[ 43%] Building C object esp-idf/unity/CMakeFiles/__idf_unity.dir/unity_runner.c.obj
[ 43%] Building C object esp-idf/console/CMakeFiles/__idf_console.dir/commands.c.obj
[ 43%] Building C object esp-idf/console/CMakeFiles/__idf_console.dir/esp_console_repl.c.obj
[ 43%] Building C object esp-idf/unity/CMakeFiles/__idf_unity.dir/unity_utils_cache.c.obj
[ 43%] Building C object esp-idf/spiffs/CMakeFiles/__idf_spiffs.dir/spiffs_api.c.obj
[ 43%] Building C object esp-idf/console/CMakeFiles/__idf_console.dir/split_argv.c.obj
[ 43%] Building C object esp-idf/perfmon/CMakeFiles/__idf_perfmon.dir/xtensa_perfmon_access.c.obj
[ 43%] Building C object esp-idf/sdmmc/CMakeFiles/__idf_sdmmc.dir/sdmmc_cmd.c.obj
[ 43%] Building C object esp-idf/touch_element/CMakeFiles/__idf_touch_element.dir/touch_element.c.obj
[ 43%] Building C object esp-idf/app_trace/CMakeFiles/__idf_app_trace.dir/app_trace.c.obj
[ 43%] Building CXX object esp-idf/wear_levelling/CMakeFiles/__idf_wear_levelling.dir/Partition.cpp.obj
[ 43%] Building C object esp-idf/espcoredump/CMakeFiles/__idf_espcoredump.dir/src/core_dump_common.c.obj
[ 43%] Building C object esp-idf/json/CMakeFiles/__idf_json.dir/cJSON/cJSON.c.obj
[ 43%] Building C object esp-idf/esp_hid/CMakeFiles/__idf_esp_hid.dir/src/esp_hidd.c.obj
[ 43%] Building C object esp-idf/unity/CMakeFiles/__idf_unity.dir/unity_utils_freertos.c.obj
[ 43%] Building C object esp-idf/mqtt/CMakeFiles/__idf_mqtt.dir/esp-mqtt/mqtt_client.c.obj
[ 43%] Building C object esp-idf/usb/CMakeFiles/__idf_usb.dir/hcd_dwc.c.obj
[ 43%] Building C object esp-idf/esp_lcd/CMakeFiles/__idf_esp_lcd.dir/src/esp_lcd_common.c.obj
[ 43%] Building C object esp-idf/protobuf-c/CMakeFiles/__idf_protobuf-c.dir/protobuf-c/protobuf-c/protobuf-c.c.obj
[ 43%] Building C object esp-idf/lvgl__lvgl/CMakeFiles/__idf_lvgl__lvgl.dir/src/core/lv_group.c.obj
[ 43%] Building C object esp-idf/esp_lcd/CMakeFiles/__idf_esp_lcd.dir/src/esp_lcd_panel_io.c.obj
[ 43%] Building C object esp-idf/esp_hid/CMakeFiles/__idf_esp_hid.dir/src/esp_hidh.c.obj
[ 43%] Building C object esp-idf/mqtt/CMakeFiles/__idf_mqtt.dir/esp-mqtt/lib/mqtt_msg.c.obj
[ 44%] Building C object esp-idf/lvgl__lvgl/CMakeFiles/__idf_lvgl__lvgl.dir/src/core/lv_obj.c.obj
[ 44%] Building C object esp-idf/unity/CMakeFiles/__idf_unity.dir/unity_utils_memory.c.obj
[ 44%] Building C object esp-idf/espcoredump/CMakeFiles/__idf_espcoredump.dir/src/core_dump_flash.c.obj
[ 45%] Building CXX object esp-idf/wear_levelling/CMakeFiles/__idf_wear_levelling.dir/SPI_Flash.cpp.obj
[ 45%] Building C object esp-idf/spiffs/CMakeFiles/__idf_spiffs.dir/spiffs/src/spiffs_cache.c.obj
[ 45%] Building C object esp-idf/touch_element/CMakeFiles/__idf_touch_element.dir/touch_button.c.obj
[ 45%] Building C object esp-idf/perfmon/CMakeFiles/__idf_perfmon.dir/xtensa_perfmon_apis.c.obj
[ 45%] Building C object esp-idf/app_trace/CMakeFiles/__idf_app_trace.dir/host_file_io.c.obj
[ 45%] Building C object esp-idf/app_trace/CMakeFiles/__idf_app_trace.dir/app_trace_util.c.obj
[ 45%] Building C object esp-idf/esp_lcd/CMakeFiles/__idf_esp_lcd.dir/src/esp_lcd_panel_io_i2c.c.obj
[ 45%] Building C object esp-idf/spiffs/CMakeFiles/__idf_spiffs.dir/spiffs/src/spiffs_check.c.obj
[ 45%] Building C object esp-idf/console/CMakeFiles/__idf_console.dir/linenoise/linenoise.c.obj
[ 45%] Building C object esp-idf/esp_hid/CMakeFiles/__idf_esp_hid.dir/src/esp_hid_common.c.obj
[ 45%] Linking C static library libesp-idf-lib__i2cdev.a
[ 45%] Building C object esp-idf/app_trace/CMakeFiles/__idf_app_trace.dir/port/port_uart.c.obj
[ 45%] Building C object esp-idf/espcoredump/CMakeFiles/__idf_espcoredump.dir/src/core_dump_uart.c.obj
[ 46%] Building C object esp-idf/perfmon/CMakeFiles/__idf_perfmon.dir/xtensa_perfmon_masks.c.obj
[ 46%] Built target __idf_esp-idf-lib__i2cdev
[ 47%] Building C object esp-idf/mqtt/CMakeFiles/__idf_mqtt.dir/esp-mqtt/lib/mqtt_outbox.c.obj
[ 47%] Building CXX object esp-idf/wear_levelling/CMakeFiles/__idf_wear_levelling.dir/WL_Ext_Perf.cpp.obj
[ 47%] Building C object esp-idf/esp_lcd/CMakeFiles/__idf_esp_lcd.dir/src/esp_lcd_panel_io_spi.c.obj
[ 47%] Building C object esp-idf/json/CMakeFiles/__idf_json.dir/cJSON/cJSON_Utils.c.obj
[ 47%] Building C object esp-idf/unity/CMakeFiles/__idf_unity.dir/unity_port_esp32.c.obj
[ 47%] Building CXX object esp-idf/wear_levelling/CMakeFiles/__idf_wear_levelling.dir/WL_Ext_Safe.cpp.obj
[ 47%] Building C object esp-idf/lvgl__lvgl/CMakeFiles/__idf_lvgl__lvgl.dir/src/core/lv_obj_class.c.obj
[ 47%] Linking C static library libperfmon.a
[ 47%] Building C object esp-idf/sdmmc/CMakeFiles/__idf_sdmmc.dir/sdmmc_common.c.obj
[ 47%] Linking C static library libapp_trace.a
[ 47%] Building C object esp-idf/sdmmc/CMakeFiles/__idf_sdmmc.dir/sdmmc_init.c.obj
[ 48%] Building C object esp-idf/unity/CMakeFiles/__idf_unity.dir/port/esp/unity_utils_memory_esp.c.obj
[ 48%] Linking C static library libesp_hid.a
[ 48%] Building C object esp-idf/espcoredump/CMakeFiles/__idf_espcoredump.dir/src/core_dump_elf.c.obj
[ 48%] Building C object esp-idf/espcoredump/CMakeFiles/__idf_espcoredump.dir/src/core_dump_binary.c.obj
[ 48%] Built target __idf_perfmon
[ 48%] Building C object esp-idf/touch_element/CMakeFiles/__idf_touch_element.dir/touch_slider.c.obj
[ 48%] Building C object esp-idf/espcoredump/CMakeFiles/__idf_espcoredump.dir/src/core_dump_sha.c.obj
[ 48%] Building C object esp-idf/usb/CMakeFiles/__idf_usb.dir/hub.c.obj
[ 48%] Building C object esp-idf/spiffs/CMakeFiles/__idf_spiffs.dir/spiffs/src/spiffs_gc.c.obj
[ 48%] Building C object esp-idf/sdmmc/CMakeFiles/__idf_sdmmc.dir/sdmmc_io.c.obj
[ 48%] Built target __idf_app_trace
[ 48%] Building C object esp-idf/console/CMakeFiles/__idf_console.dir/argtable3/arg_cmd.c.obj
[ 48%] Building C object esp-idf/mqtt/CMakeFiles/__idf_mqtt.dir/esp-mqtt/lib/platform_esp32_idf.c.obj
[ 48%] Building C object esp-idf/esp_lcd/CMakeFiles/__idf_esp_lcd.dir/src/esp_lcd_panel_nt35510.c.obj
[ 48%] Built target __idf_esp_hid
[ 48%] Building C object esp-idf/sdmmc/CMakeFiles/__idf_sdmmc.dir/sdmmc_mmc.c.obj
[ 48%] Building CXX object esp-idf/wear_levelling/CMakeFiles/__idf_wear_levelling.dir/WL_Flash.cpp.obj
[ 48%] Building C object esp-idf/sdmmc/CMakeFiles/__idf_sdmmc.dir/sdmmc_sd.c.obj
[ 48%] Building C object esp-idf/lvgl__lvgl/CMakeFiles/__idf_lvgl__lvgl.dir/src/core/lv_obj_draw.c.obj
[ 48%] Building C object esp-idf/console/CMakeFiles/__idf_console.dir/argtable3/arg_date.c.obj
[ 48%] Linking C static library libunity.a
[ 48%] Linking C static library libprotobuf-c.a
[ 49%] Building C object esp-idf/espcoredump/CMakeFiles/__idf_espcoredump.dir/src/core_dump_crc.c.obj
[ 49%] Building C object esp-idf/esp-idf-lib__ina219/CMakeFiles/__idf_esp-idf-lib__ina219.dir/ina219.c.obj
[ 49%] Linking C static library libmqtt.a
[ 49%] Building CXX object esp-idf/wear_levelling/CMakeFiles/__idf_wear_levelling.dir/crc32.cpp.obj
[ 49%] Building C object esp-idf/spiffs/CMakeFiles/__idf_spiffs.dir/spiffs/src/spiffs_nucleus.c.obj
[ 49%] Building C object esp-idf/spiffs/CMakeFiles/__idf_spiffs.dir/spiffs/src/spiffs_hydrogen.c.obj
[ 49%] Building C object esp-idf/espcoredump/CMakeFiles/__idf_espcoredump.dir/src/port/xtensa/core_dump_port.c.obj
[ 49%] Linking C static library libjson.a
[ 49%] Built target __idf_unity
[ 49%] Building C object esp-idf/usb/CMakeFiles/__idf_usb.dir/usb_helpers.c.obj
[ 49%] Building C object esp-idf/usb/CMakeFiles/__idf_usb.dir/usb_host.c.obj
[ 49%] Building CXX object esp-idf/wear_levelling/CMakeFiles/__idf_wear_levelling.dir/wear_levelling.cpp.obj
[ 49%] Built target __idf_protobuf-c
[ 49%] Building C object esp-idf/spiffs/CMakeFiles/__idf_spiffs.dir/esp_spiffs.c.obj
[ 49%] Building C object esp-idf/touch_element/CMakeFiles/__idf_touch_element.dir/touch_matrix.c.obj
[ 49%] Building C object esp-idf/esp_lcd/CMakeFiles/__idf_esp_lcd.dir/src/esp_lcd_panel_ssd1306.c.obj
[ 49%] Building C object esp-idf/esp_lcd/CMakeFiles/__idf_esp_lcd.dir/src/esp_lcd_panel_st7789.c.obj
[ 49%] Building C object esp-idf/console/CMakeFiles/__idf_console.dir/argtable3/arg_dbl.c.obj
[ 49%] Building C object esp-idf/usb/CMakeFiles/__idf_usb.dir/usb_private.c.obj
[ 49%] Building C object esp-idf/console/CMakeFiles/__idf_console.dir/argtable3/arg_dstr.c.obj
[ 49%] Built target __idf_mqtt
[ 49%] Built target __idf_json
[ 50%] Building C object esp-idf/console/CMakeFiles/__idf_console.dir/argtable3/arg_end.c.obj
[ 50%] Building C object esp-idf/usb/CMakeFiles/__idf_usb.dir/usbh.c.obj
[ 50%] Building C object esp-idf/lvgl__lvgl/CMakeFiles/__idf_lvgl__lvgl.dir/src/core/lv_obj_id_builtin.c.obj
[ 50%] Linking C static library libesp-idf-lib__ina219.a
[ 50%] Building C object esp-idf/lvgl__lvgl/CMakeFiles/__idf_lvgl__lvgl.dir/src/core/lv_obj_event.c.obj
[ 50%] Linking C static library libespcoredump.a
[ 50%] Linking C static library libwear_levelling.a
[ 50%] Building C object esp-idf/esp_lcd/CMakeFiles/__idf_esp_lcd.dir/src/esp_lcd_panel_ops.c.obj
[ 50%] Building C object esp-idf/usb/CMakeFiles/__idf_usb.dir/usb_phy.c.obj
[ 50%] Building C object esp-idf/lvgl__lvgl/CMakeFiles/__idf_lvgl__lvgl.dir/src/core/lv_obj_pos.c.obj
[ 50%] Built target __idf_esp-idf-lib__ina219
[ 50%] Building C object esp-idf/lvgl__lvgl/CMakeFiles/__idf_lvgl__lvgl.dir/src/core/lv_obj_property.c.obj
[ 50%] Built target __idf_wear_levelling
[ 50%] Building C object esp-idf/console/CMakeFiles/__idf_console.dir/argtable3/arg_file.c.obj
[ 50%] Building C object esp-idf/console/CMakeFiles/__idf_console.dir/argtable3/arg_hashtable.c.obj
[ 50%] Building C object esp-idf/lvgl__lvgl/CMakeFiles/__idf_lvgl__lvgl.dir/src/core/lv_obj_scroll.c.obj
[ 50%] Building C object esp-idf/lvgl__lvgl/CMakeFiles/__idf_lvgl__lvgl.dir/src/core/lv_obj_style.c.obj
[ 50%] Building C object esp-idf/esp_lcd/CMakeFiles/__idf_esp_lcd.dir/src/esp_lcd_panel_io_i80.c.obj
[ 50%] Building C object esp-idf/lvgl__lvgl/CMakeFiles/__idf_lvgl__lvgl.dir/src/core/lv_obj_style_gen.c.obj
[ 50%] Built target __idf_espcoredump
[ 50%] Building C object esp-idf/lvgl__lvgl/CMakeFiles/__idf_lvgl__lvgl.dir/src/core/lv_obj_tree.c.obj
[ 50%] Building C object esp-idf/cmock/CMakeFiles/__idf_cmock.dir/CMock/src/cmock.c.obj
[ 50%] Building C object esp-idf/console/CMakeFiles/__idf_console.dir/argtable3/arg_int.c.obj
[ 50%] Building C object esp-idf/lvgl__lvgl/CMakeFiles/__idf_lvgl__lvgl.dir/src/core/lv_refr.c.obj
[ 50%] Building C object esp-idf/console/CMakeFiles/__idf_console.dir/argtable3/arg_lit.c.obj
[ 50%] Building C object esp-idf/lvgl__lvgl/CMakeFiles/__idf_lvgl__lvgl.dir/src/display/lv_display.c.obj
[ 50%] Building C object esp-idf/esp_lcd/CMakeFiles/__idf_esp_lcd.dir/src/esp_lcd_panel_rgb.c.obj
[ 50%] Building C object esp-idf/lvgl__lvgl/CMakeFiles/__idf_lvgl__lvgl.dir/src/draw/dma2d/lv_draw_dma2d.c.obj
[ 50%] Building C object esp-idf/lvgl__lvgl/CMakeFiles/__idf_lvgl__lvgl.dir/src/draw/dma2d/lv_draw_dma2d_fill.c.obj
[ 50%] Building C object esp-idf/lvgl__lvgl/CMakeFiles/__idf_lvgl__lvgl.dir/src/draw/dma2d/lv_draw_dma2d_img.c.obj
[ 50%] Building C object esp-idf/lvgl__lvgl/CMakeFiles/__idf_lvgl__lvgl.dir/src/draw/lv_draw.c.obj
[ 50%] Building C object esp-idf/console/CMakeFiles/__idf_console.dir/argtable3/arg_rem.c.obj
[ 50%] Linking C static library libtouch_element.a
[ 50%] Building C object esp-idf/lvgl__lvgl/CMakeFiles/__idf_lvgl__lvgl.dir/src/draw/lv_draw_3d.c.obj
[ 50%] Linking C static library libcmock.a
[ 50%] Building C object esp-idf/console/CMakeFiles/__idf_console.dir/argtable3/arg_rex.c.obj
[ 51%] Building C object esp-idf/lvgl__lvgl/CMakeFiles/__idf_lvgl__lvgl.dir/src/draw/lv_draw_arc.c.obj
[ 51%] Building C object esp-idf/lvgl__lvgl/CMakeFiles/__idf_lvgl__lvgl.dir/src/draw/lv_draw_buf.c.obj
[ 51%] Building C object esp-idf/lvgl__lvgl/CMakeFiles/__idf_lvgl__lvgl.dir/src/draw/lv_draw_image.c.obj
[ 51%] Linking C static library libsdmmc.a
[ 51%] Building C object esp-idf/lvgl__lvgl/CMakeFiles/__idf_lvgl__lvgl.dir/src/draw/lv_draw_label.c.obj
[ 51%] Building C object esp-idf/console/CMakeFiles/__idf_console.dir/argtable3/arg_str.c.obj
[ 51%] Building C object esp-idf/lvgl__lvgl/CMakeFiles/__idf_lvgl__lvgl.dir/src/draw/lv_draw_line.c.obj
[ 51%] Built target __idf_touch_element
[ 51%] Building C object esp-idf/lvgl__lvgl/CMakeFiles/__idf_lvgl__lvgl.dir/src/draw/lv_draw_mask.c.obj
[ 51%] Building C object esp-idf/console/CMakeFiles/__idf_console.dir/argtable3/arg_utils.c.obj
[ 51%] Built target __idf_cmock
[ 51%] Building C object esp-idf/lvgl__lvgl/CMakeFiles/__idf_lvgl__lvgl.dir/src/draw/lv_draw_triangle.c.obj
[ 51%] Building C object esp-idf/lvgl__lvgl/CMakeFiles/__idf_lvgl__lvgl.dir/src/draw/lv_draw_rect.c.obj
[ 51%] Built target __idf_sdmmc
[ 51%] Linking C static library libusb.a
[ 51%] Building C object esp-idf/lvgl__lvgl/CMakeFiles/__idf_lvgl__lvgl.dir/src/draw/lv_draw_vector.c.obj
[ 51%] Building C object esp-idf/console/CMakeFiles/__idf_console.dir/argtable3/argtable3.c.obj
[ 51%] Linking C static library libspiffs.a
[ 51%] Building C object esp-idf/lvgl__lvgl/CMakeFiles/__idf_lvgl__lvgl.dir/src/draw/lv_image_decoder.c.obj
[ 51%] Building C object esp-idf/lvgl__lvgl/CMakeFiles/__idf_lvgl__lvgl.dir/src/draw/nema_gfx/lv_draw_nema_gfx.c.obj
[ 51%] Building C object esp-idf/fatfs/CMakeFiles/__idf_fatfs.dir/diskio/diskio.c.obj
[ 51%] Building C object esp-idf/lvgl__lvgl/CMakeFiles/__idf_lvgl__lvgl.dir/src/draw/nema_gfx/lv_draw_nema_gfx_arc.c.obj
[ 51%] Building C object esp-idf/fatfs/CMakeFiles/__idf_fatfs.dir/diskio/diskio_rawflash.c.obj
[ 51%] Building C object esp-idf/lvgl__lvgl/CMakeFiles/__idf_lvgl__lvgl.dir/src/draw/nema_gfx/lv_draw_nema_gfx_border.c.obj
[ 51%] Building C object esp-idf/fatfs/CMakeFiles/__idf_fatfs.dir/diskio/diskio_sdmmc.c.obj
[ 51%] Building C object esp-idf/lvgl__lvgl/CMakeFiles/__idf_lvgl__lvgl.dir/src/draw/nema_gfx/lv_draw_nema_gfx_fill.c.obj
[ 51%] Building C object esp-idf/lvgl__lvgl/CMakeFiles/__idf_lvgl__lvgl.dir/src/draw/nema_gfx/lv_draw_nema_gfx_img.c.obj
[ 51%] Building C object esp-idf/fatfs/CMakeFiles/__idf_fatfs.dir/diskio/diskio_wl.c.obj
[ 51%] Building C object esp-idf/lvgl__lvgl/CMakeFiles/__idf_lvgl__lvgl.dir/src/draw/nema_gfx/lv_draw_nema_gfx_label.c.obj
[ 51%] Built target __idf_spiffs
[ 52%] Building C object esp-idf/lvgl__lvgl/CMakeFiles/__idf_lvgl__lvgl.dir/src/draw/nema_gfx/lv_draw_nema_gfx_line.c.obj
[ 52%] Building C object esp-idf/fatfs/CMakeFiles/__idf_fatfs.dir/src/ff.c.obj
[ 52%] Built target __idf_usb
[ 52%] Building C object esp-idf/lvgl__lvgl/CMakeFiles/__idf_lvgl__lvgl.dir/src/draw/nema_gfx/lv_draw_nema_gfx_layer.c.obj
[ 52%] Building C object esp-idf/lvgl__lvgl/CMakeFiles/__idf_lvgl__lvgl.dir/src/draw/nema_gfx/lv_draw_nema_gfx_stm32_hal.c.obj
[ 52%] Building C object esp-idf/lvgl__lvgl/CMakeFiles/__idf_lvgl__lvgl.dir/src/draw/nema_gfx/lv_nema_gfx_path.c.obj
[ 52%] Building C object esp-idf/lvgl__lvgl/CMakeFiles/__idf_lvgl__lvgl.dir/src/draw/nema_gfx/lv_draw_nema_gfx_utils.c.obj
[ 52%] Building C object esp-idf/lvgl__lvgl/CMakeFiles/__idf_lvgl__lvgl.dir/src/draw/nema_gfx/lv_draw_nema_gfx_triangle.c.obj
[ 52%] Building C object esp-idf/lvgl__lvgl/CMakeFiles/__idf_lvgl__lvgl.dir/src/draw/nxp/g2d/lv_draw_g2d_img.c.obj
[ 52%] Building C object esp-idf/lvgl__lvgl/CMakeFiles/__idf_lvgl__lvgl.dir/src/draw/nxp/g2d/lv_draw_g2d_fill.c.obj
[ 52%] Building C object esp-idf/fatfs/CMakeFiles/__idf_fatfs.dir/port/freertos/ffsystem.c.obj
[ 52%] Building C object esp-idf/lvgl__lvgl/CMakeFiles/__idf_lvgl__lvgl.dir/src/draw/nxp/g2d/lv_draw_buf_g2d.c.obj
[ 52%] Building C object esp-idf/lvgl__lvgl/CMakeFiles/__idf_lvgl__lvgl.dir/src/draw/nxp/g2d/lv_draw_g2d.c.obj
[ 52%] Building C object esp-idf/fatfs/CMakeFiles/__idf_fatfs.dir/src/ffunicode.c.obj
[ 52%] Building C object esp-idf/fatfs/CMakeFiles/__idf_fatfs.dir/vfs/vfs_fat.c.obj
[ 52%] Building C object esp-idf/lvgl__lvgl/CMakeFiles/__idf_lvgl__lvgl.dir/src/draw/nxp/g2d/lv_g2d_buf_map.c.obj
[ 52%] Building C object esp-idf/lvgl__lvgl/CMakeFiles/__idf_lvgl__lvgl.dir/src/draw/nxp/g2d/lv_g2d_utils.c.obj
[ 52%] Building C object esp-idf/fatfs/CMakeFiles/__idf_fatfs.dir/vfs/vfs_fat_sdmmc.c.obj
[ 52%] Building C object esp-idf/lvgl__lvgl/CMakeFiles/__idf_lvgl__lvgl.dir/src/draw/nxp/pxp/lv_draw_buf_pxp.c.obj
[ 52%] Building C object esp-idf/fatfs/CMakeFiles/__idf_fatfs.dir/vfs/vfs_fat_spiflash.c.obj
[ 52%] Building C object esp-idf/lvgl__lvgl/CMakeFiles/__idf_lvgl__lvgl.dir/src/draw/nxp/pxp/lv_draw_pxp_layer.c.obj
[ 52%] Building C object esp-idf/lvgl__lvgl/CMakeFiles/__idf_lvgl__lvgl.dir/src/draw/nxp/pxp/lv_draw_pxp.c.obj
[ 52%] Building C object esp-idf/lvgl__lvgl/CMakeFiles/__idf_lvgl__lvgl.dir/src/draw/nxp/pxp/lv_draw_pxp_fill.c.obj
[ 52%] Building C object esp-idf/lvgl__lvgl/CMakeFiles/__idf_lvgl__lvgl.dir/src/draw/nxp/pxp/lv_draw_pxp_img.c.obj
[ 52%] Linking C static library libconsole.a
[ 52%] Building C object esp-idf/lvgl__lvgl/CMakeFiles/__idf_lvgl__lvgl.dir/src/draw/nxp/pxp/lv_pxp_cfg.c.obj
[ 52%] Building C object esp-idf/lvgl__lvgl/CMakeFiles/__idf_lvgl__lvgl.dir/src/draw/nxp/pxp/lv_pxp_osa.c.obj
[ 53%] Building C object esp-idf/lvgl__lvgl/CMakeFiles/__idf_lvgl__lvgl.dir/src/draw/nxp/pxp/lv_pxp_utils.c.obj
[ 53%] Building C object esp-idf/lvgl__lvgl/CMakeFiles/__idf_lvgl__lvgl.dir/src/draw/nxp/vglite/lv_draw_vglite_arc.c.obj
[ 53%] Building C object esp-idf/lvgl__lvgl/CMakeFiles/__idf_lvgl__lvgl.dir/src/draw/nxp/vglite/lv_draw_vglite.c.obj
[ 53%] Building C object esp-idf/lvgl__lvgl/CMakeFiles/__idf_lvgl__lvgl.dir/src/draw/nxp/vglite/lv_draw_vglite_fill.c.obj
[ 53%] Building C object esp-idf/lvgl__lvgl/CMakeFiles/__idf_lvgl__lvgl.dir/src/draw/nxp/vglite/lv_draw_buf_vglite.c.obj
[ 53%] Building C object esp-idf/lvgl__lvgl/CMakeFiles/__idf_lvgl__lvgl.dir/src/draw/nxp/vglite/lv_draw_vglite_border.c.obj
[ 53%] Building C object esp-idf/lvgl__lvgl/CMakeFiles/__idf_lvgl__lvgl.dir/src/draw/nxp/vglite/lv_draw_vglite_label.c.obj
[ 53%] Building C object esp-idf/lvgl__lvgl/CMakeFiles/__idf_lvgl__lvgl.dir/src/draw/nxp/vglite/lv_draw_vglite_img.c.obj
[ 53%] Building C object esp-idf/lvgl__lvgl/CMakeFiles/__idf_lvgl__lvgl.dir/src/draw/nxp/vglite/lv_draw_vglite_layer.c.obj
[ 53%] Building C object esp-idf/lvgl__lvgl/CMakeFiles/__idf_lvgl__lvgl.dir/src/draw/nxp/vglite/lv_draw_vglite_line.c.obj
[ 53%] Building C object esp-idf/lvgl__lvgl/CMakeFiles/__idf_lvgl__lvgl.dir/src/draw/nxp/vglite/lv_draw_vglite_triangle.c.obj
[ 53%] Building C object esp-idf/lvgl__lvgl/CMakeFiles/__idf_lvgl__lvgl.dir/src/draw/nxp/vglite/lv_vglite_buf.c.obj
[ 53%] Building C object esp-idf/lvgl__lvgl/CMakeFiles/__idf_lvgl__lvgl.dir/src/draw/nxp/vglite/lv_vglite_matrix.c.obj
[ 53%] Building C object esp-idf/lvgl__lvgl/CMakeFiles/__idf_lvgl__lvgl.dir/src/draw/renesas/dave2d/lv_draw_dave2d.c.obj
[ 53%] Building C object esp-idf/lvgl__lvgl/CMakeFiles/__idf_lvgl__lvgl.dir/src/draw/renesas/dave2d/lv_draw_dave2d_arc.c.obj
[ 53%] Building C object esp-idf/lvgl__lvgl/CMakeFiles/__idf_lvgl__lvgl.dir/src/draw/nxp/vglite/lv_vglite_path.c.obj
[ 53%] Building C object esp-idf/lvgl__lvgl/CMakeFiles/__idf_lvgl__lvgl.dir/src/draw/nxp/vglite/lv_vglite_utils.c.obj
[ 53%] Building C object esp-idf/lvgl__lvgl/CMakeFiles/__idf_lvgl__lvgl.dir/src/draw/opengles/lv_draw_opengles.c.obj
[ 53%] Building C object esp-idf/lvgl__lvgl/CMakeFiles/__idf_lvgl__lvgl.dir/src/draw/renesas/dave2d/lv_draw_dave2d_fill.c.obj
[ 54%] Building C object esp-idf/lvgl__lvgl/CMakeFiles/__idf_lvgl__lvgl.dir/src/draw/renesas/dave2d/lv_draw_dave2d_border.c.obj
[ 54%] Building C object esp-idf/lvgl__lvgl/CMakeFiles/__idf_lvgl__lvgl.dir/src/draw/renesas/dave2d/lv_draw_dave2d_mask_rectangle.c.obj
[ 54%] Building C object esp-idf/lvgl__lvgl/CMakeFiles/__idf_lvgl__lvgl.dir/src/draw/renesas/dave2d/lv_draw_dave2d_image.c.obj
[ 54%] Built target __idf_console
[ 54%] Building C object esp-idf/lvgl__lvgl/CMakeFiles/__idf_lvgl__lvgl.dir/src/draw/renesas/dave2d/lv_draw_dave2d_label.c.obj
[ 54%] Building C object esp-idf/lvgl__lvgl/CMakeFiles/__idf_lvgl__lvgl.dir/src/draw/renesas/dave2d/lv_draw_dave2d_line.c.obj
[ 54%] Building C object esp-idf/lvgl__lvgl/CMakeFiles/__idf_lvgl__lvgl.dir/src/draw/renesas/dave2d/lv_draw_dave2d_triangle.c.obj
[ 54%] Building C object esp-idf/lvgl__lvgl/CMakeFiles/__idf_lvgl__lvgl.dir/src/draw/renesas/dave2d/lv_draw_dave2d_utils.c.obj
[ 54%] Building C object esp-idf/lvgl__lvgl/CMakeFiles/__idf_lvgl__lvgl.dir/src/draw/sdl/lv_draw_sdl.c.obj
[ 54%] Building C object esp-idf/lvgl__lvgl/CMakeFiles/__idf_lvgl__lvgl.dir/src/draw/sw/blend/lv_draw_sw_blend.c.obj
[ 54%] Building C object esp-idf/lvgl__lvgl/CMakeFiles/__idf_lvgl__lvgl.dir/src/draw/sw/blend/lv_draw_sw_blend_to_al88.c.obj
[ 54%] Linking C static library libesp_lcd.a
[ 54%] Building C object esp-idf/lvgl__lvgl/CMakeFiles/__idf_lvgl__lvgl.dir/src/draw/sw/blend/lv_draw_sw_blend_to_i1.c.obj
[ 54%] Building C object esp-idf/lvgl__lvgl/CMakeFiles/__idf_lvgl__lvgl.dir/src/draw/sw/blend/lv_draw_sw_blend_to_l8.c.obj
[ 54%] Building C object esp-idf/lvgl__lvgl/CMakeFiles/__idf_lvgl__lvgl.dir/src/draw/sw/blend/lv_draw_sw_blend_to_rgb565.c.obj
[ 54%] Building C object esp-idf/lvgl__lvgl/CMakeFiles/__idf_lvgl__lvgl.dir/src/draw/sw/blend/lv_draw_sw_blend_to_argb8888.c.obj
[ 54%] Building C object esp-idf/lvgl__lvgl/CMakeFiles/__idf_lvgl__lvgl.dir/src/draw/sw/blend/lv_draw_sw_blend_to_argb8888_premultiplied.c.obj
[ 54%] Building C object esp-idf/protocomm/CMakeFiles/__idf_protocomm.dir/src/common/protocomm.c.obj
[ 54%] Building C object esp-idf/protocomm/CMakeFiles/__idf_protocomm.dir/proto-c/constants.pb-c.c.obj
[ 54%] Building C object esp-idf/lvgl__lvgl/CMakeFiles/__idf_lvgl__lvgl.dir/src/draw/sw/blend/lv_draw_sw_blend_to_rgb565_swapped.c.obj
[ 54%] Building C object esp-idf/lvgl__lvgl/CMakeFiles/__idf_lvgl__lvgl.dir/src/draw/sw/blend/lv_draw_sw_blend_to_rgb888.c.obj
[ 54%] Building C object esp-idf/protocomm/CMakeFiles/__idf_protocomm.dir/proto-c/sec0.pb-c.c.obj
[ 54%] Building C object esp-idf/lvgl__lvgl/CMakeFiles/__idf_lvgl__lvgl.dir/src/draw/sw/lv_draw_sw_arc.c.obj
[ 55%] Building C object esp-idf/lvgl__lvgl/CMakeFiles/__idf_lvgl__lvgl.dir/src/draw/sw/lv_draw_sw.c.obj
[ 55%] Building C object esp-idf/protocomm/CMakeFiles/__idf_protocomm.dir/proto-c/sec1.pb-c.c.obj
[ 55%] Building C object esp-idf/lvgl__lvgl/CMakeFiles/__idf_lvgl__lvgl.dir/src/draw/sw/lv_draw_sw_border.c.obj
[ 55%] Building C object esp-idf/protocomm/CMakeFiles/__idf_protocomm.dir/proto-c/sec2.pb-c.c.obj
[ 55%] Building C object esp-idf/protocomm/CMakeFiles/__idf_protocomm.dir/proto-c/session.pb-c.c.obj
[ 55%] Building C object esp-idf/lvgl__lvgl/CMakeFiles/__idf_lvgl__lvgl.dir/src/draw/sw/lv_draw_sw_box_shadow.c.obj
[ 55%] Built target __idf_esp_lcd
[ 55%] Building C object esp-idf/protocomm/CMakeFiles/__idf_protocomm.dir/src/transports/protocomm_httpd.c.obj
[ 55%] Building C object esp-idf/protocomm/CMakeFiles/__idf_protocomm.dir/src/transports/protocomm_console.c.obj
[ 55%] Building C object esp-idf/lvgl__lvgl/CMakeFiles/__idf_lvgl__lvgl.dir/src/draw/sw/lv_draw_sw_fill.c.obj
[ 55%] Building C object esp-idf/protocomm/CMakeFiles/__idf_protocomm.dir/src/security/security1.c.obj
[ 55%] Building C object esp-idf/protocomm/CMakeFiles/__idf_protocomm.dir/src/security/security0.c.obj
[ 55%] Building C object esp-idf/protocomm/CMakeFiles/__idf_protocomm.dir/src/security/security2.c.obj
[ 55%] Building C object esp-idf/espressif__esp_lcd_touch/CMakeFiles/__idf_espressif__esp_lcd_touch.dir/esp_lcd_touch.c.obj
[ 55%] Building C object esp-idf/protocomm/CMakeFiles/__idf_protocomm.dir/src/crypto/srp6a/esp_srp.c.obj
[ 55%] Building C object esp-idf/lvgl__lvgl/CMakeFiles/__idf_lvgl__lvgl.dir/src/draw/sw/lv_draw_sw_grad.c.obj
[ 55%] Building C object esp-idf/protocomm/CMakeFiles/__idf_protocomm.dir/src/crypto/srp6a/esp_srp_mpi.c.obj
[ 55%] Building C object esp-idf/lvgl__lvgl/CMakeFiles/__idf_lvgl__lvgl.dir/src/draw/sw/lv_draw_sw_img.c.obj
[ 55%] Building C object esp-idf/lvgl__lvgl/CMakeFiles/__idf_lvgl__lvgl.dir/src/draw/sw/lv_draw_sw_letter.c.obj
[ 55%] Building C object esp-idf/lvgl__lvgl/CMakeFiles/__idf_lvgl__lvgl.dir/src/draw/sw/lv_draw_sw_triangle.c.obj
[ 55%] Building C object esp-idf/lvgl__lvgl/CMakeFiles/__idf_lvgl__lvgl.dir/src/draw/sw/lv_draw_sw_mask_rect.c.obj
[ 55%] Building C object esp-idf/lvgl__lvgl/CMakeFiles/__idf_lvgl__lvgl.dir/src/draw/sw/lv_draw_sw_mask.c.obj
[ 55%] Building C object esp-idf/lvgl__lvgl/CMakeFiles/__idf_lvgl__lvgl.dir/src/draw/sw/lv_draw_sw_line.c.obj
[ 55%] Building C object esp-idf/lvgl__lvgl/CMakeFiles/__idf_lvgl__lvgl.dir/src/draw/sw/lv_draw_sw_utils.c.obj
[ 55%] Building C object esp-idf/lvgl__lvgl/CMakeFiles/__idf_lvgl__lvgl.dir/src/draw/sw/lv_draw_sw_transform.c.obj
[ 55%] Building C object esp-idf/lvgl__lvgl/CMakeFiles/__idf_lvgl__lvgl.dir/src/draw/vg_lite/lv_draw_buf_vg_lite.c.obj
[ 55%] Building C object esp-idf/lvgl__lvgl/CMakeFiles/__idf_lvgl__lvgl.dir/src/draw/sw/lv_draw_sw_vector.c.obj
[ 55%] Building C object esp-idf/lvgl__lvgl/CMakeFiles/__idf_lvgl__lvgl.dir/src/draw/vg_lite/lv_draw_vg_lite.c.obj
[ 55%] Building C object esp-idf/lvgl__lvgl/CMakeFiles/__idf_lvgl__lvgl.dir/src/draw/vg_lite/lv_draw_vg_lite_arc.c.obj
[ 56%] Building C object esp-idf/lvgl__lvgl/CMakeFiles/__idf_lvgl__lvgl.dir/src/draw/vg_lite/lv_draw_vg_lite_border.c.obj
[ 56%] Building C object esp-idf/lvgl__lvgl/CMakeFiles/__idf_lvgl__lvgl.dir/src/draw/vg_lite/lv_draw_vg_lite_box_shadow.c.obj
[ 56%] Building C object esp-idf/lvgl__lvgl/CMakeFiles/__idf_lvgl__lvgl.dir/src/draw/vg_lite/lv_draw_vg_lite_img.c.obj
[ 56%] Building C object esp-idf/lvgl__lvgl/CMakeFiles/__idf_lvgl__lvgl.dir/src/draw/vg_lite/lv_draw_vg_lite_label.c.obj
[ 56%] Building C object esp-idf/lvgl__lvgl/CMakeFiles/__idf_lvgl__lvgl.dir/src/draw/vg_lite/lv_draw_vg_lite_layer.c.obj
[ 56%] Building C object esp-idf/lvgl__lvgl/CMakeFiles/__idf_lvgl__lvgl.dir/src/draw/vg_lite/lv_draw_vg_lite_fill.c.obj
[ 56%] Building C object esp-idf/lvgl__lvgl/CMakeFiles/__idf_lvgl__lvgl.dir/src/draw/vg_lite/lv_draw_vg_lite_line.c.obj
[ 56%] Linking C static library libfatfs.a
[ 56%] Building C object esp-idf/lvgl__lvgl/CMakeFiles/__idf_lvgl__lvgl.dir/src/draw/vg_lite/lv_draw_vg_lite_triangle.c.obj
[ 56%] Building C object esp-idf/lvgl__lvgl/CMakeFiles/__idf_lvgl__lvgl.dir/src/draw/vg_lite/lv_draw_vg_lite_mask_rect.c.obj
[ 56%] Building C object esp-idf/lvgl__lvgl/CMakeFiles/__idf_lvgl__lvgl.dir/src/draw/vg_lite/lv_vg_lite_decoder.c.obj
[ 56%] Building C object esp-idf/lvgl__lvgl/CMakeFiles/__idf_lvgl__lvgl.dir/src/draw/vg_lite/lv_vg_lite_path.c.obj
[ 57%] Linking C static library libprotocomm.a
[ 57%] Building C object esp-idf/lvgl__lvgl/CMakeFiles/__idf_lvgl__lvgl.dir/src/draw/vg_lite/lv_vg_lite_pending.c.obj
[ 57%] Building C object esp-idf/lvgl__lvgl/CMakeFiles/__idf_lvgl__lvgl.dir/src/draw/vg_lite/lv_vg_lite_math.c.obj
[ 57%] Building C object esp-idf/lvgl__lvgl/CMakeFiles/__idf_lvgl__lvgl.dir/src/draw/vg_lite/lv_draw_vg_lite_vector.c.obj
[ 57%] Building C object esp-idf/lvgl__lvgl/CMakeFiles/__idf_lvgl__lvgl.dir/src/draw/vg_lite/lv_vg_lite_grad.c.obj
[ 57%] Building C object esp-idf/lvgl__lvgl/CMakeFiles/__idf_lvgl__lvgl.dir/src/draw/vg_lite/lv_vg_lite_utils.c.obj
[ 57%] Building C object esp-idf/lvgl__lvgl/CMakeFiles/__idf_lvgl__lvgl.dir/src/draw/vg_lite/lv_vg_lite_stroke.c.obj
[ 58%] Building C object esp-idf/lvgl__lvgl/CMakeFiles/__idf_lvgl__lvgl.dir/src/drivers/display/drm/lv_linux_drm.c.obj
[ 58%] Building C object esp-idf/lvgl__lvgl/CMakeFiles/__idf_lvgl__lvgl.dir/src/drivers/display/fb/lv_linux_fbdev.c.obj
[ 58%] Linking C static library libespressif__esp_lcd_touch.a
[ 58%] Building C object esp-idf/lvgl__lvgl/CMakeFiles/__idf_lvgl__lvgl.dir/src/drivers/display/ili9341/lv_ili9341.c.obj
[ 58%] Building C object esp-idf/lvgl__lvgl/CMakeFiles/__idf_lvgl__lvgl.dir/src/drivers/display/ft81x/lv_ft81x.c.obj
[ 58%] Built target __idf_fatfs
[ 58%] Building C object esp-idf/lvgl__lvgl/CMakeFiles/__idf_lvgl__lvgl.dir/src/drivers/display/lcd/lv_lcd_generic_mipi.c.obj
[ 58%] Building C object esp-idf/lvgl__lvgl/CMakeFiles/__idf_lvgl__lvgl.dir/src/drivers/display/st7796/lv_st7796.c.obj
[ 58%] Building C object esp-idf/lvgl__lvgl/CMakeFiles/__idf_lvgl__lvgl.dir/src/drivers/display/st7735/lv_st7735.c.obj
[ 58%] Building C object esp-idf/lvgl__lvgl/CMakeFiles/__idf_lvgl__lvgl.dir/src/drivers/display/st_ltdc/lv_st_ltdc.c.obj
[ 58%] Building C object esp-idf/lvgl__lvgl/CMakeFiles/__idf_lvgl__lvgl.dir/src/drivers/display/st7789/lv_st7789.c.obj
[ 58%] Building C object esp-idf/lvgl__lvgl/CMakeFiles/__idf_lvgl__lvgl.dir/src/drivers/display/renesas_glcdc/lv_renesas_glcdc.c.obj
[ 58%] Building CXX object esp-idf/lvgl__lvgl/CMakeFiles/__idf_lvgl__lvgl.dir/src/drivers/display/tft_espi/lv_tft_espi.cpp.obj
[ 58%] Built target __idf_protocomm
[ 58%] Building C object esp-idf/lvgl__lvgl/CMakeFiles/__idf_lvgl__lvgl.dir/src/drivers/evdev/lv_evdev.c.obj
[ 58%] Building C object esp-idf/lvgl__lvgl/CMakeFiles/__idf_lvgl__lvgl.dir/src/drivers/glfw/lv_glfw_window.c.obj
[ 58%] Building C object esp-idf/lvgl__lvgl/CMakeFiles/__idf_lvgl__lvgl.dir/src/drivers/glfw/lv_opengles_driver.c.obj
[ 58%] Building C object esp-idf/lvgl__lvgl/CMakeFiles/__idf_lvgl__lvgl.dir/src/drivers/glfw/lv_opengles_debug.c.obj
[ 58%] Building C object esp-idf/lvgl__lvgl/CMakeFiles/__idf_lvgl__lvgl.dir/src/drivers/glfw/lv_opengles_texture.c.obj
[ 58%] Building C object esp-idf/lvgl__lvgl/CMakeFiles/__idf_lvgl__lvgl.dir/src/drivers/libinput/lv_libinput.c.obj
[ 58%] Building C object esp-idf/lvgl__lvgl/CMakeFiles/__idf_lvgl__lvgl.dir/src/drivers/libinput/lv_xkb.c.obj
[ 58%] Built target __idf_espressif__esp_lcd_touch
[ 59%] Building C object esp-idf/lvgl__lvgl/CMakeFiles/__idf_lvgl__lvgl.dir/src/drivers/nuttx/lv_nuttx_cache.c.obj
[ 59%] Building C object esp-idf/esp_local_ctrl/CMakeFiles/__idf_esp_local_ctrl.dir/src/esp_local_ctrl.c.obj
[ 59%] Building C object esp-idf/wifi_provisioning/CMakeFiles/__idf_wifi_provisioning.dir/src/wifi_config.c.obj
[ 60%] Building C object esp-idf/esp_local_ctrl/CMakeFiles/__idf_esp_local_ctrl.dir/src/esp_local_ctrl_handler.c.obj
[ 60%] Building C object esp-idf/lvgl__lvgl/CMakeFiles/__idf_lvgl__lvgl.dir/src/drivers/nuttx/lv_nuttx_entry.c.obj
[ 60%] Building C object esp-idf/wifi_provisioning/CMakeFiles/__idf_wifi_provisioning.dir/src/wifi_ctrl.c.obj
[ 60%] Building C object esp-idf/wifi_provisioning/CMakeFiles/__idf_wifi_provisioning.dir/src/manager.c.obj
[ 60%] Building C object esp-idf/lvgl__lvgl/CMakeFiles/__idf_lvgl__lvgl.dir/src/drivers/nuttx/lv_nuttx_fbdev.c.obj
[ 60%] Building C object esp-idf/wifi_provisioning/CMakeFiles/__idf_wifi_provisioning.dir/src/wifi_scan.c.obj
[ 60%] Building C object esp-idf/lvgl__lvgl/CMakeFiles/__idf_lvgl__lvgl.dir/src/drivers/nuttx/lv_nuttx_image_cache.c.obj
[ 60%] Building C object esp-idf/wifi_provisioning/CMakeFiles/__idf_wifi_provisioning.dir/src/handlers.c.obj
[ 60%] Building C object esp-idf/lvgl__lvgl/CMakeFiles/__idf_lvgl__lvgl.dir/src/drivers/nuttx/lv_nuttx_lcd.c.obj
[ 60%] Building C object esp-idf/esp_local_ctrl/CMakeFiles/__idf_esp_local_ctrl.dir/src/esp_local_ctrl_transport_httpd.c.obj
[ 60%] Building C object esp-idf/espressif__esp_lcd_touch_gt911/CMakeFiles/__idf_espressif__esp_lcd_touch_gt911.dir/esp_lcd_touch_gt911.c.obj
[ 60%] Building C object esp-idf/esp_local_ctrl/CMakeFiles/__idf_esp_local_ctrl.dir/proto-c/esp_local_ctrl.pb-c.c.obj
[ 60%] Building C object esp-idf/wifi_provisioning/CMakeFiles/__idf_wifi_provisioning.dir/src/scheme_console.c.obj
[ 60%] Building C object esp-idf/wifi_provisioning/CMakeFiles/__idf_wifi_provisioning.dir/proto-c/wifi_config.pb-c.c.obj
[ 60%] Building C object esp-idf/lvgl__lvgl/CMakeFiles/__idf_lvgl__lvgl.dir/src/drivers/nuttx/lv_nuttx_libuv.c.obj
[ 60%] Building C object esp-idf/lvgl__lvgl/CMakeFiles/__idf_lvgl__lvgl.dir/src/drivers/nuttx/lv_nuttx_profiler.c.obj
[ 60%] Building C object esp-idf/lvgl__lvgl/CMakeFiles/__idf_lvgl__lvgl.dir/src/drivers/qnx/lv_qnx.c.obj
[ 60%] Building C object esp-idf/lvgl__lvgl/CMakeFiles/__idf_lvgl__lvgl.dir/src/drivers/nuttx/lv_nuttx_touchscreen.c.obj
[ 60%] Building C object esp-idf/lvgl__lvgl/CMakeFiles/__idf_lvgl__lvgl.dir/src/drivers/sdl/lv_sdl_keyboard.c.obj
[ 60%] Building C object esp-idf/wifi_provisioning/CMakeFiles/__idf_wifi_provisioning.dir/proto-c/wifi_scan.pb-c.c.obj
[ 60%] Building C object esp-idf/lvgl__lvgl/CMakeFiles/__idf_lvgl__lvgl.dir/src/drivers/sdl/lv_sdl_mousewheel.c.obj
[ 60%] Building C object esp-idf/lvgl__lvgl/CMakeFiles/__idf_lvgl__lvgl.dir/src/drivers/sdl/lv_sdl_mouse.c.obj
[ 60%] Building C object esp-idf/lvgl__lvgl/CMakeFiles/__idf_lvgl__lvgl.dir/src/drivers/sdl/lv_sdl_window.c.obj
[ 60%] Building C object esp-idf/lvgl__lvgl/CMakeFiles/__idf_lvgl__lvgl.dir/src/drivers/uefi/lv_uefi_context.c.obj
[ 60%] Building C object esp-idf/lvgl__lvgl/CMakeFiles/__idf_lvgl__lvgl.dir/src/drivers/uefi/lv_uefi_display.c.obj
[ 60%] Building C object esp-idf/wifi_provisioning/CMakeFiles/__idf_wifi_provisioning.dir/proto-c/wifi_constants.pb-c.c.obj
[ 60%] Building C object esp-idf/wifi_provisioning/CMakeFiles/__idf_wifi_provisioning.dir/proto-c/wifi_ctrl.pb-c.c.obj
[ 60%] Building C object esp-idf/lvgl__lvgl/CMakeFiles/__idf_lvgl__lvgl.dir/src/drivers/uefi/lv_uefi_indev_pointer.c.obj
[ 60%] Building C object esp-idf/lvgl__lvgl/CMakeFiles/__idf_lvgl__lvgl.dir/src/drivers/uefi/lv_uefi_indev_keyboard.c.obj
[ 60%] Building C object esp-idf/lvgl__lvgl/CMakeFiles/__idf_lvgl__lvgl.dir/src/drivers/uefi/lv_uefi_indev_touch.c.obj
[ 61%] Building C object esp-idf/lvgl__lvgl/CMakeFiles/__idf_lvgl__lvgl.dir/src/drivers/uefi/lv_uefi_private.c.obj
[ 61%] Building C object esp-idf/lvgl__lvgl/CMakeFiles/__idf_lvgl__lvgl.dir/src/drivers/wayland/lv_wayland.c.obj
[ 61%] Building C object esp-idf/lvgl__lvgl/CMakeFiles/__idf_lvgl__lvgl.dir/src/drivers/wayland/lv_wl_dmabuf.c.obj
[ 61%] Building C object esp-idf/lvgl__lvgl/CMakeFiles/__idf_lvgl__lvgl.dir/src/drivers/wayland/lv_wl_cache.c.obj
[ 61%] Building C object esp-idf/lvgl__lvgl/CMakeFiles/__idf_lvgl__lvgl.dir/src/drivers/wayland/lv_wayland_smm.c.obj
[ 61%] Building C object esp-idf/wifi_provisioning/CMakeFiles/__idf_wifi_provisioning.dir/src/scheme_softap.c.obj
[ 61%] Building C object esp-idf/lvgl__lvgl/CMakeFiles/__idf_lvgl__lvgl.dir/src/drivers/wayland/lv_wl_keyboard.c.obj
[ 61%] Building C object esp-idf/lvgl__lvgl/CMakeFiles/__idf_lvgl__lvgl.dir/src/drivers/wayland/lv_wl_pointer.c.obj
[ 61%] Building C object esp-idf/lvgl__lvgl/CMakeFiles/__idf_lvgl__lvgl.dir/src/drivers/wayland/lv_wl_pointer_axis.c.obj
[ 61%] Building C object esp-idf/lvgl__lvgl/CMakeFiles/__idf_lvgl__lvgl.dir/src/drivers/wayland/lv_wl_seat.c.obj
[ 61%] Linking C static library libesp_local_ctrl.a
[ 61%] Building C object esp-idf/lvgl__lvgl/CMakeFiles/__idf_lvgl__lvgl.dir/src/drivers/wayland/lv_wl_shell.c.obj
[ 61%] Building C object esp-idf/lvgl__lvgl/CMakeFiles/__idf_lvgl__lvgl.dir/src/drivers/wayland/lv_wl_touch.c.obj
[ 61%] Building C object esp-idf/lvgl__lvgl/CMakeFiles/__idf_lvgl__lvgl.dir/src/drivers/wayland/lv_wl_shm.c.obj
[ 61%] Building C object esp-idf/lvgl__lvgl/CMakeFiles/__idf_lvgl__lvgl.dir/src/drivers/wayland/lv_wl_window.c.obj
[ 61%] Building C object esp-idf/lvgl__lvgl/CMakeFiles/__idf_lvgl__lvgl.dir/src/drivers/wayland/lv_wl_window_decorations.c.obj
[ 61%] Building C object esp-idf/lvgl__lvgl/CMakeFiles/__idf_lvgl__lvgl.dir/src/drivers/wayland/lv_wl_xdg_shell.c.obj
[ 61%] Building C object esp-idf/lvgl__lvgl/CMakeFiles/__idf_lvgl__lvgl.dir/src/drivers/windows/lv_windows_context.c.obj
[ 61%] Building C object esp-idf/lvgl__lvgl/CMakeFiles/__idf_lvgl__lvgl.dir/src/drivers/x11/lv_x11_input.c.obj
[ 61%] Building C object esp-idf/lvgl__lvgl/CMakeFiles/__idf_lvgl__lvgl.dir/src/drivers/windows/lv_windows_input.c.obj
[ 61%] Building C object esp-idf/lvgl__lvgl/CMakeFiles/__idf_lvgl__lvgl.dir/src/drivers/windows/lv_windows_display.c.obj
[ 61%] Built target __idf_esp_local_ctrl
[ 61%] Linking C static library libespressif__esp_lcd_touch_gt911.a
[ 62%] Building C object esp-idf/lvgl__lvgl/CMakeFiles/__idf_lvgl__lvgl.dir/src/drivers/x11/lv_x11_display.c.obj
[ 62%] Building C object esp-idf/lvgl__lvgl/CMakeFiles/__idf_lvgl__lvgl.dir/src/font/lv_binfont_loader.c.obj
[ 62%] Building C object esp-idf/lvgl__lvgl/CMakeFiles/__idf_lvgl__lvgl.dir/src/font/lv_font.c.obj
[ 62%] Building C object esp-idf/lvgl__lvgl/CMakeFiles/__idf_lvgl__lvgl.dir/src/font/lv_font_dejavu_16_persian_hebrew.c.obj
[ 62%] Building C object esp-idf/lvgl__lvgl/CMakeFiles/__idf_lvgl__lvgl.dir/src/font/lv_font_montserrat_12.c.obj
[ 62%] Building C object esp-idf/lvgl__lvgl/CMakeFiles/__idf_lvgl__lvgl.dir/src/font/lv_font_fmt_txt.c.obj
[ 62%] Building C object esp-idf/lvgl__lvgl/CMakeFiles/__idf_lvgl__lvgl.dir/src/font/lv_font_montserrat_10.c.obj
[ 62%] Building C object esp-idf/lvgl__lvgl/CMakeFiles/__idf_lvgl__lvgl.dir/src/font/lv_font_montserrat_14_aligned.c.obj
[ 62%] Building C object esp-idf/lvgl__lvgl/CMakeFiles/__idf_lvgl__lvgl.dir/src/font/lv_font_montserrat_16.c.obj
[ 62%] Building C object esp-idf/lvgl__lvgl/CMakeFiles/__idf_lvgl__lvgl.dir/src/font/lv_font_montserrat_14.c.obj
[ 62%] Building C object esp-idf/lvgl__lvgl/CMakeFiles/__idf_lvgl__lvgl.dir/src/font/lv_font_montserrat_22.c.obj
[ 62%] Building C object esp-idf/lvgl__lvgl/CMakeFiles/__idf_lvgl__lvgl.dir/src/font/lv_font_montserrat_24.c.obj
[ 62%] Building C object esp-idf/lvgl__lvgl/CMakeFiles/__idf_lvgl__lvgl.dir/src/font/lv_font_montserrat_20.c.obj
[ 62%] Building C object esp-idf/lvgl__lvgl/CMakeFiles/__idf_lvgl__lvgl.dir/src/font/lv_font_montserrat_18.c.obj
[ 63%] Linking C static library libwifi_provisioning.a
[ 63%] Built target __idf_espressif__esp_lcd_touch_gt911
[ 63%] Building C object esp-idf/lvgl__lvgl/CMakeFiles/__idf_lvgl__lvgl.dir/src/font/lv_font_montserrat_26.c.obj
[ 63%] Building C object esp-idf/lvgl__lvgl/CMakeFiles/__idf_lvgl__lvgl.dir/src/font/lv_font_montserrat_28.c.obj
[ 63%] Building C object esp-idf/lvgl__lvgl/CMakeFiles/__idf_lvgl__lvgl.dir/src/font/lv_font_montserrat_28_compressed.c.obj
[ 64%] Building C object esp-idf/lvgl__lvgl/CMakeFiles/__idf_lvgl__lvgl.dir/src/font/lv_font_montserrat_30.c.obj
[ 64%] Building C object esp-idf/lvgl__lvgl/CMakeFiles/__idf_lvgl__lvgl.dir/src/font/lv_font_montserrat_32.c.obj
[ 64%] Building C object esp-idf/lvgl__lvgl/CMakeFiles/__idf_lvgl__lvgl.dir/src/font/lv_font_montserrat_34.c.obj
[ 64%] Building C object esp-idf/lvgl__lvgl/CMakeFiles/__idf_lvgl__lvgl.dir/src/font/lv_font_montserrat_36.c.obj
[ 64%] Building C object esp-idf/lvgl__lvgl/CMakeFiles/__idf_lvgl__lvgl.dir/src/font/lv_font_montserrat_38.c.obj
[ 64%] Building C object esp-idf/lvgl__lvgl/CMakeFiles/__idf_lvgl__lvgl.dir/src/font/lv_font_montserrat_40.c.obj
[ 64%] Built target __idf_wifi_provisioning
[ 64%] Building C object esp-idf/lvgl__lvgl/CMakeFiles/__idf_lvgl__lvgl.dir/src/font/lv_font_montserrat_42.c.obj
[ 64%] Building C object esp-idf/lvgl__lvgl/CMakeFiles/__idf_lvgl__lvgl.dir/src/font/lv_font_montserrat_44.c.obj
[ 64%] Building C object esp-idf/lvgl__lvgl/CMakeFiles/__idf_lvgl__lvgl.dir/src/font/lv_font_montserrat_46.c.obj
[ 64%] Building C object esp-idf/lvgl__lvgl/CMakeFiles/__idf_lvgl__lvgl.dir/src/font/lv_font_montserrat_48.c.obj
[ 64%] Building C object esp-idf/lvgl__lvgl/CMakeFiles/__idf_lvgl__lvgl.dir/src/font/lv_font_montserrat_8.c.obj
[ 64%] Building C object esp-idf/lvgl__lvgl/CMakeFiles/__idf_lvgl__lvgl.dir/src/font/lv_font_simsun_14_cjk.c.obj
[ 64%] Building C object esp-idf/lvgl__lvgl/CMakeFiles/__idf_lvgl__lvgl.dir/src/font/lv_font_simsun_16_cjk.c.obj
[ 64%] Building C object esp-idf/lvgl__lvgl/CMakeFiles/__idf_lvgl__lvgl.dir/src/font/lv_font_source_han_sans_sc_16_cjk.c.obj
[ 64%] Building C object esp-idf/lvgl__lvgl/CMakeFiles/__idf_lvgl__lvgl.dir/src/font/lv_font_source_han_sans_sc_14_cjk.c.obj
[ 64%] Building C object esp-idf/lvgl__lvgl/CMakeFiles/__idf_lvgl__lvgl.dir/src/font/lv_font_unscii_16.c.obj
[ 64%] Building C object esp-idf/lvgl__lvgl/CMakeFiles/__idf_lvgl__lvgl.dir/src/font/lv_font_unscii_8.c.obj
[ 65%] Building C object esp-idf/lvgl__lvgl/CMakeFiles/__idf_lvgl__lvgl.dir/src/indev/lv_indev.c.obj
[ 65%] Building C object esp-idf/lvgl__lvgl/CMakeFiles/__idf_lvgl__lvgl.dir/src/indev/lv_indev_gesture.c.obj
[ 65%] Building C object esp-idf/lvgl__lvgl/CMakeFiles/__idf_lvgl__lvgl.dir/src/indev/lv_indev_scroll.c.obj
[ 65%] Building C object esp-idf/lvgl__lvgl/CMakeFiles/__idf_lvgl__lvgl.dir/src/layouts/flex/lv_flex.c.obj
[ 65%] Building C object esp-idf/lvgl__lvgl/CMakeFiles/__idf_lvgl__lvgl.dir/src/layouts/lv_layout.c.obj
[ 65%] Building C object esp-idf/lvgl__lvgl/CMakeFiles/__idf_lvgl__lvgl.dir/src/layouts/grid/lv_grid.c.obj
[ 65%] Building C object esp-idf/lvgl__lvgl/CMakeFiles/__idf_lvgl__lvgl.dir/src/libs/barcode/lv_barcode.c.obj
[ 65%] Building C object esp-idf/lvgl__lvgl/CMakeFiles/__idf_lvgl__lvgl.dir/src/libs/barcode/code128.c.obj
[ 65%] Building C object esp-idf/lvgl__lvgl/CMakeFiles/__idf_lvgl__lvgl.dir/src/libs/expat/xmlparse.c.obj
[ 65%] Building C object esp-idf/lvgl__lvgl/CMakeFiles/__idf_lvgl__lvgl.dir/src/libs/bin_decoder/lv_bin_decoder.c.obj
[ 65%] Building C object esp-idf/lvgl__lvgl/CMakeFiles/__idf_lvgl__lvgl.dir/src/libs/bmp/lv_bmp.c.obj
[ 65%] Building C object esp-idf/lvgl__lvgl/CMakeFiles/__idf_lvgl__lvgl.dir/src/libs/expat/xmlrole.c.obj
[ 65%] Building C object esp-idf/lvgl__lvgl/CMakeFiles/__idf_lvgl__lvgl.dir/src/libs/expat/xmltok.c.obj
[ 65%] Building C object esp-idf/lvgl__lvgl/CMakeFiles/__idf_lvgl__lvgl.dir/src/libs/expat/xmltok_impl.c.obj
[ 65%] Building C object esp-idf/lvgl__lvgl/CMakeFiles/__idf_lvgl__lvgl.dir/src/libs/expat/xmltok_ns.c.obj
[ 65%] Building C object esp-idf/lvgl__lvgl/CMakeFiles/__idf_lvgl__lvgl.dir/src/libs/freetype/lv_freetype.c.obj
[ 65%] Building C object esp-idf/lvgl__lvgl/CMakeFiles/__idf_lvgl__lvgl.dir/src/libs/freetype/lv_freetype_glyph.c.obj
[ 65%] Building C object esp-idf/lvgl__lvgl/CMakeFiles/__idf_lvgl__lvgl.dir/src/libs/ffmpeg/lv_ffmpeg.c.obj
[ 66%] Building C object esp-idf/lvgl__lvgl/CMakeFiles/__idf_lvgl__lvgl.dir/src/libs/freetype/lv_freetype_image.c.obj
[ 66%] Building C object esp-idf/lvgl__lvgl/CMakeFiles/__idf_lvgl__lvgl.dir/src/libs/freetype/lv_freetype_outline.c.obj
[ 66%] Building CXX object esp-idf/lvgl__lvgl/CMakeFiles/__idf_lvgl__lvgl.dir/src/libs/fsdrv/lv_fs_arduino_esp_littlefs.cpp.obj
[ 66%] Building C object esp-idf/lvgl__lvgl/CMakeFiles/__idf_lvgl__lvgl.dir/src/libs/freetype/lv_ftsystem.c.obj
[ 66%] Building CXX object esp-idf/lvgl__lvgl/CMakeFiles/__idf_lvgl__lvgl.dir/src/libs/fsdrv/lv_fs_arduino_sd.cpp.obj
[ 66%] Building C object esp-idf/lvgl__lvgl/CMakeFiles/__idf_lvgl__lvgl.dir/src/libs/fsdrv/lv_fs_cbfs.c.obj
[ 66%] Building C object esp-idf/lvgl__lvgl/CMakeFiles/__idf_lvgl__lvgl.dir/src/libs/fsdrv/lv_fs_fatfs.c.obj
[ 66%] Building C object esp-idf/lvgl__lvgl/CMakeFiles/__idf_lvgl__lvgl.dir/src/libs/fsdrv/lv_fs_littlefs.c.obj
[ 66%] Building C object esp-idf/lvgl__lvgl/CMakeFiles/__idf_lvgl__lvgl.dir/src/libs/fsdrv/lv_fs_memfs.c.obj
[ 66%] Building C object esp-idf/lvgl__lvgl/CMakeFiles/__idf_lvgl__lvgl.dir/src/libs/fsdrv/lv_fs_posix.c.obj
[ 66%] Building C object esp-idf/lvgl__lvgl/CMakeFiles/__idf_lvgl__lvgl.dir/src/libs/fsdrv/lv_fs_uefi.c.obj
[ 66%] Building C object esp-idf/lvgl__lvgl/CMakeFiles/__idf_lvgl__lvgl.dir/src/libs/fsdrv/lv_fs_stdio.c.obj
[ 66%] Building C object esp-idf/lvgl__lvgl/CMakeFiles/__idf_lvgl__lvgl.dir/src/libs/fsdrv/lv_fs_win32.c.obj
[ 66%] Building C object esp-idf/lvgl__lvgl/CMakeFiles/__idf_lvgl__lvgl.dir/src/libs/gif/gifdec.c.obj
[ 66%] Building C object esp-idf/lvgl__lvgl/CMakeFiles/__idf_lvgl__lvgl.dir/src/libs/gif/lv_gif.c.obj
[ 66%] Building C object esp-idf/lvgl__lvgl/CMakeFiles/__idf_lvgl__lvgl.dir/src/libs/libjpeg_turbo/lv_libjpeg_turbo.c.obj
[ 66%] Building C object esp-idf/lvgl__lvgl/CMakeFiles/__idf_lvgl__lvgl.dir/src/libs/libpng/lv_libpng.c.obj
[ 66%] Building C object esp-idf/lvgl__lvgl/CMakeFiles/__idf_lvgl__lvgl.dir/src/libs/lz4/lz4.c.obj
[ 67%] Building C object esp-idf/lvgl__lvgl/CMakeFiles/__idf_lvgl__lvgl.dir/src/libs/lodepng/lv_lodepng.c.obj
[ 67%] Building C object esp-idf/lvgl__lvgl/CMakeFiles/__idf_lvgl__lvgl.dir/src/libs/lodepng/lodepng.c.obj
[ 67%] Building C object esp-idf/lvgl__lvgl/CMakeFiles/__idf_lvgl__lvgl.dir/src/libs/qrcode/lv_qrcode.c.obj
[ 67%] Building C object esp-idf/lvgl__lvgl/CMakeFiles/__idf_lvgl__lvgl.dir/src/libs/rle/lv_rle.c.obj
[ 67%] Building C object esp-idf/lvgl__lvgl/CMakeFiles/__idf_lvgl__lvgl.dir/src/libs/qrcode/qrcodegen.c.obj
[ 67%] Building C object esp-idf/lvgl__lvgl/CMakeFiles/__idf_lvgl__lvgl.dir/src/libs/rlottie/lv_rlottie.c.obj
[ 67%] Building C object esp-idf/lvgl__lvgl/CMakeFiles/__idf_lvgl__lvgl.dir/src/libs/svg/lv_svg.c.obj
[ 67%] Building C object esp-idf/lvgl__lvgl/CMakeFiles/__idf_lvgl__lvgl.dir/src/libs/svg/lv_svg_decoder.c.obj
[ 67%] Building C object esp-idf/lvgl__lvgl/CMakeFiles/__idf_lvgl__lvgl.dir/src/libs/svg/lv_svg_parser.c.obj
[ 67%] Building C object esp-idf/lvgl__lvgl/CMakeFiles/__idf_lvgl__lvgl.dir/src/libs/svg/lv_svg_render.c.obj
[ 67%] Building C object esp-idf/lvgl__lvgl/CMakeFiles/__idf_lvgl__lvgl.dir/src/libs/svg/lv_svg_token.c.obj
[ 67%] Building CXX object esp-idf/lvgl__lvgl/CMakeFiles/__idf_lvgl__lvgl.dir/src/libs/thorvg/tvgAnimation.cpp.obj
[ 67%] Building CXX object esp-idf/lvgl__lvgl/CMakeFiles/__idf_lvgl__lvgl.dir/src/libs/thorvg/tvgAccessor.cpp.obj
[ 67%] Building CXX object esp-idf/lvgl__lvgl/CMakeFiles/__idf_lvgl__lvgl.dir/src/libs/thorvg/tvgCanvas.cpp.obj
[ 67%] Building CXX object esp-idf/lvgl__lvgl/CMakeFiles/__idf_lvgl__lvgl.dir/src/libs/thorvg/tvgCapi.cpp.obj
[ 67%] Building CXX object esp-idf/lvgl__lvgl/CMakeFiles/__idf_lvgl__lvgl.dir/src/libs/thorvg/tvgCompressor.cpp.obj
[ 67%] Building CXX object esp-idf/lvgl__lvgl/CMakeFiles/__idf_lvgl__lvgl.dir/src/libs/thorvg/tvgGlCanvas.cpp.obj
[ 67%] Building CXX object esp-idf/lvgl__lvgl/CMakeFiles/__idf_lvgl__lvgl.dir/src/libs/thorvg/tvgFill.cpp.obj
[ 68%] Building CXX object esp-idf/lvgl__lvgl/CMakeFiles/__idf_lvgl__lvgl.dir/src/libs/thorvg/tvgInitializer.cpp.obj
[ 68%] Building CXX object esp-idf/lvgl__lvgl/CMakeFiles/__idf_lvgl__lvgl.dir/src/libs/thorvg/tvgLoader.cpp.obj
[ 68%] Building CXX object esp-idf/lvgl__lvgl/CMakeFiles/__idf_lvgl__lvgl.dir/src/libs/thorvg/tvgLottieBuilder.cpp.obj
[ 68%] Building CXX object esp-idf/lvgl__lvgl/CMakeFiles/__idf_lvgl__lvgl.dir/src/libs/thorvg/tvgLottieAnimation.cpp.obj
[ 68%] Building CXX object esp-idf/lvgl__lvgl/CMakeFiles/__idf_lvgl__lvgl.dir/src/libs/thorvg/tvgLottieExpressions.cpp.obj
[ 68%] Building CXX object esp-idf/lvgl__lvgl/CMakeFiles/__idf_lvgl__lvgl.dir/src/libs/thorvg/tvgLottieInterpolator.cpp.obj
[ 68%] Building CXX object esp-idf/lvgl__lvgl/CMakeFiles/__idf_lvgl__lvgl.dir/src/libs/thorvg/tvgLottieModel.cpp.obj
[ 68%] Building CXX object esp-idf/lvgl__lvgl/CMakeFiles/__idf_lvgl__lvgl.dir/src/libs/thorvg/tvgLottieModifier.cpp.obj
[ 68%] Building CXX object esp-idf/lvgl__lvgl/CMakeFiles/__idf_lvgl__lvgl.dir/src/libs/thorvg/tvgLottieParser.cpp.obj
[ 68%] Building CXX object esp-idf/lvgl__lvgl/CMakeFiles/__idf_lvgl__lvgl.dir/src/libs/thorvg/tvgLottieLoader.cpp.obj
[ 68%] Building CXX object esp-idf/lvgl__lvgl/CMakeFiles/__idf_lvgl__lvgl.dir/src/libs/thorvg/tvgLottieParserHandler.cpp.obj
[ 68%] Building CXX object esp-idf/lvgl__lvgl/CMakeFiles/__idf_lvgl__lvgl.dir/src/libs/thorvg/tvgPaint.cpp.obj
[ 68%] Building CXX object esp-idf/lvgl__lvgl/CMakeFiles/__idf_lvgl__lvgl.dir/src/libs/thorvg/tvgMath.cpp.obj
[ 68%] Building CXX object esp-idf/lvgl__lvgl/CMakeFiles/__idf_lvgl__lvgl.dir/src/libs/thorvg/tvgRawLoader.cpp.obj
[ 68%] Building CXX object esp-idf/lvgl__lvgl/CMakeFiles/__idf_lvgl__lvgl.dir/src/libs/thorvg/tvgPicture.cpp.obj
[ 68%] Building CXX object esp-idf/lvgl__lvgl/CMakeFiles/__idf_lvgl__lvgl.dir/src/libs/thorvg/tvgRender.cpp.obj
[ 68%] Building CXX object esp-idf/lvgl__lvgl/CMakeFiles/__idf_lvgl__lvgl.dir/src/libs/thorvg/tvgSaver.cpp.obj
[ 68%] Building CXX object esp-idf/lvgl__lvgl/CMakeFiles/__idf_lvgl__lvgl.dir/src/libs/thorvg/tvgScene.cpp.obj
[ 68%] Building CXX object esp-idf/lvgl__lvgl/CMakeFiles/__idf_lvgl__lvgl.dir/src/libs/thorvg/tvgStr.cpp.obj
[ 69%] Building CXX object esp-idf/lvgl__lvgl/CMakeFiles/__idf_lvgl__lvgl.dir/src/libs/thorvg/tvgShape.cpp.obj
[ 69%] Building CXX object esp-idf/lvgl__lvgl/CMakeFiles/__idf_lvgl__lvgl.dir/src/libs/thorvg/tvgSvgLoader.cpp.obj
[ 69%] Building CXX object esp-idf/lvgl__lvgl/CMakeFiles/__idf_lvgl__lvgl.dir/src/libs/thorvg/tvgSvgUtil.cpp.obj
[ 69%] Building CXX object esp-idf/lvgl__lvgl/CMakeFiles/__idf_lvgl__lvgl.dir/src/libs/thorvg/tvgSvgPath.cpp.obj
[ 69%] Building CXX object esp-idf/lvgl__lvgl/CMakeFiles/__idf_lvgl__lvgl.dir/src/libs/thorvg/tvgSvgCssStyle.cpp.obj
[ 69%] Building CXX object esp-idf/lvgl__lvgl/CMakeFiles/__idf_lvgl__lvgl.dir/src/libs/thorvg/tvgSwFill.cpp.obj
[ 69%] Building CXX object esp-idf/lvgl__lvgl/CMakeFiles/__idf_lvgl__lvgl.dir/src/libs/thorvg/tvgSvgSceneBuilder.cpp.obj
[ 69%] Building CXX object esp-idf/lvgl__lvgl/CMakeFiles/__idf_lvgl__lvgl.dir/src/libs/thorvg/tvgSwCanvas.cpp.obj
[ 69%] Building CXX object esp-idf/lvgl__lvgl/CMakeFiles/__idf_lvgl__lvgl.dir/src/libs/thorvg/tvgSwImage.cpp.obj
[ 69%] Building CXX object esp-idf/lvgl__lvgl/CMakeFiles/__idf_lvgl__lvgl.dir/src/libs/thorvg/tvgSwMath.cpp.obj
[ 69%] Building CXX object esp-idf/lvgl__lvgl/CMakeFiles/__idf_lvgl__lvgl.dir/src/libs/thorvg/tvgSwRaster.cpp.obj
[ 69%] Building CXX object esp-idf/lvgl__lvgl/CMakeFiles/__idf_lvgl__lvgl.dir/src/libs/thorvg/tvgSwRenderer.cpp.obj
[ 69%] Building CXX object esp-idf/lvgl__lvgl/CMakeFiles/__idf_lvgl__lvgl.dir/src/libs/thorvg/tvgSwMemPool.cpp.obj
[ 69%] Building CXX object esp-idf/lvgl__lvgl/CMakeFiles/__idf_lvgl__lvgl.dir/src/libs/thorvg/tvgSwPostEffect.cpp.obj
[ 69%] Building CXX object esp-idf/lvgl__lvgl/CMakeFiles/__idf_lvgl__lvgl.dir/src/libs/thorvg/tvgSwShape.cpp.obj
[ 70%] Building CXX object esp-idf/lvgl__lvgl/CMakeFiles/__idf_lvgl__lvgl.dir/src/libs/thorvg/tvgTaskScheduler.cpp.obj
[ 70%] Building CXX object esp-idf/lvgl__lvgl/CMakeFiles/__idf_lvgl__lvgl.dir/src/libs/thorvg/tvgSwStroke.cpp.obj
[ 70%] Building CXX object esp-idf/lvgl__lvgl/CMakeFiles/__idf_lvgl__lvgl.dir/src/libs/thorvg/tvgSwRle.cpp.obj
[ 70%] Building CXX object esp-idf/lvgl__lvgl/CMakeFiles/__idf_lvgl__lvgl.dir/src/libs/thorvg/tvgText.cpp.obj
[ 70%] Building CXX object esp-idf/lvgl__lvgl/CMakeFiles/__idf_lvgl__lvgl.dir/src/libs/thorvg/tvgXmlParser.cpp.obj
[ 70%] Building C object esp-idf/lvgl__lvgl/CMakeFiles/__idf_lvgl__lvgl.dir/src/libs/tjpgd/lv_tjpgd.c.obj
[ 70%] Building C object esp-idf/lvgl__lvgl/CMakeFiles/__idf_lvgl__lvgl.dir/src/libs/tjpgd/tjpgd.c.obj
[ 70%] Building C object esp-idf/lvgl__lvgl/CMakeFiles/__idf_lvgl__lvgl.dir/src/libs/tiny_ttf/lv_tiny_ttf.c.obj
[ 70%] Building CXX object esp-idf/lvgl__lvgl/CMakeFiles/__idf_lvgl__lvgl.dir/src/libs/thorvg/tvgWgCanvas.cpp.obj
[ 70%] Building C object esp-idf/lvgl__lvgl/CMakeFiles/__idf_lvgl__lvgl.dir/src/lv_init.c.obj
[ 70%] Building C object esp-idf/lvgl__lvgl/CMakeFiles/__idf_lvgl__lvgl.dir/src/misc/cache/class/lv_cache_lru_rb.c.obj
[ 70%] Building C object esp-idf/lvgl__lvgl/CMakeFiles/__idf_lvgl__lvgl.dir/src/misc/cache/class/lv_cache_lru_ll.c.obj
[ 70%] Building C object esp-idf/lvgl__lvgl/CMakeFiles/__idf_lvgl__lvgl.dir/src/misc/cache/lv_cache_entry.c.obj
[ 70%] Building C object esp-idf/lvgl__lvgl/CMakeFiles/__idf_lvgl__lvgl.dir/src/misc/cache/lv_cache.c.obj
[ 70%] Building C object esp-idf/lvgl__lvgl/CMakeFiles/__idf_lvgl__lvgl.dir/src/misc/cache/instance/lv_image_header_cache.c.obj
[ 70%] Building C object esp-idf/lvgl__lvgl/CMakeFiles/__idf_lvgl__lvgl.dir/src/misc/cache/instance/lv_image_cache.c.obj
[ 70%] Building C object esp-idf/lvgl__lvgl/CMakeFiles/__idf_lvgl__lvgl.dir/src/misc/lv_area.c.obj
[ 70%] Building C object esp-idf/lvgl__lvgl/CMakeFiles/__idf_lvgl__lvgl.dir/src/misc/lv_anim_timeline.c.obj
[ 70%] Building C object esp-idf/lvgl__lvgl/CMakeFiles/__idf_lvgl__lvgl.dir/src/misc/lv_anim.c.obj
[ 70%] Building C object esp-idf/lvgl__lvgl/CMakeFiles/__idf_lvgl__lvgl.dir/src/misc/lv_circle_buf.c.obj
[ 70%] Building C object esp-idf/lvgl__lvgl/CMakeFiles/__idf_lvgl__lvgl.dir/src/misc/lv_async.c.obj
[ 70%] Building C object esp-idf/lvgl__lvgl/CMakeFiles/__idf_lvgl__lvgl.dir/src/misc/lv_color.c.obj
[ 70%] Building C object esp-idf/lvgl__lvgl/CMakeFiles/__idf_lvgl__lvgl.dir/src/misc/lv_bidi.c.obj
[ 71%] Building C object esp-idf/lvgl__lvgl/CMakeFiles/__idf_lvgl__lvgl.dir/src/misc/lv_array.c.obj
[ 71%] Building C object esp-idf/lvgl__lvgl/CMakeFiles/__idf_lvgl__lvgl.dir/src/misc/lv_color_op.c.obj
[ 71%] Building C object esp-idf/lvgl__lvgl/CMakeFiles/__idf_lvgl__lvgl.dir/src/misc/lv_event.c.obj
[ 71%] Building C object esp-idf/lvgl__lvgl/CMakeFiles/__idf_lvgl__lvgl.dir/src/misc/lv_fs.c.obj
[ 71%] Building C object esp-idf/lvgl__lvgl/CMakeFiles/__idf_lvgl__lvgl.dir/src/misc/lv_grad.c.obj
[ 71%] Building C object esp-idf/lvgl__lvgl/CMakeFiles/__idf_lvgl__lvgl.dir/src/misc/lv_iter.c.obj
[ 71%] Building C object esp-idf/lvgl__lvgl/CMakeFiles/__idf_lvgl__lvgl.dir/src/misc/lv_ll.c.obj
[ 71%] Building C object esp-idf/lvgl__lvgl/CMakeFiles/__idf_lvgl__lvgl.dir/src/misc/lv_log.c.obj
[ 71%] Building C object esp-idf/lvgl__lvgl/CMakeFiles/__idf_lvgl__lvgl.dir/src/misc/lv_lru.c.obj
[ 71%] Building C object esp-idf/lvgl__lvgl/CMakeFiles/__idf_lvgl__lvgl.dir/src/misc/lv_matrix.c.obj
[ 71%] Building C object esp-idf/lvgl__lvgl/CMakeFiles/__idf_lvgl__lvgl.dir/src/misc/lv_profiler_builtin.c.obj
[ 71%] Building C object esp-idf/lvgl__lvgl/CMakeFiles/__idf_lvgl__lvgl.dir/src/misc/lv_math.c.obj
[ 72%] Building C object esp-idf/lvgl__lvgl/CMakeFiles/__idf_lvgl__lvgl.dir/src/misc/lv_style.c.obj
[ 72%] Building C object esp-idf/lvgl__lvgl/CMakeFiles/__idf_lvgl__lvgl.dir/src/misc/lv_style_gen.c.obj
[ 72%] Building C object esp-idf/lvgl__lvgl/CMakeFiles/__idf_lvgl__lvgl.dir/src/misc/lv_rb.c.obj
[ 72%] Building C object esp-idf/lvgl__lvgl/CMakeFiles/__idf_lvgl__lvgl.dir/src/misc/lv_templ.c.obj
[ 71%] Building C object esp-idf/lvgl__lvgl/CMakeFiles/__idf_lvgl__lvgl.dir/src/misc/lv_palette.c.obj
[ 72%] Building C object esp-idf/lvgl__lvgl/CMakeFiles/__idf_lvgl__lvgl.dir/src/misc/lv_text.c.obj
[ 72%] Building C object esp-idf/lvgl__lvgl/CMakeFiles/__idf_lvgl__lvgl.dir/src/misc/lv_text_ap.c.obj
[ 72%] Building C object esp-idf/lvgl__lvgl/CMakeFiles/__idf_lvgl__lvgl.dir/src/misc/lv_tree.c.obj
[ 72%] Building C object esp-idf/lvgl__lvgl/CMakeFiles/__idf_lvgl__lvgl.dir/src/misc/lv_timer.c.obj
[ 72%] Building C object esp-idf/lvgl__lvgl/CMakeFiles/__idf_lvgl__lvgl.dir/src/misc/lv_utils.c.obj
[ 72%] Building C object esp-idf/lvgl__lvgl/CMakeFiles/__idf_lvgl__lvgl.dir/src/osal/lv_freertos.c.obj
[ 72%] Building C object esp-idf/lvgl__lvgl/CMakeFiles/__idf_lvgl__lvgl.dir/src/osal/lv_cmsis_rtos2.c.obj
[ 72%] Building C object esp-idf/lvgl__lvgl/CMakeFiles/__idf_lvgl__lvgl.dir/src/osal/lv_os.c.obj
[ 72%] Building C object esp-idf/lvgl__lvgl/CMakeFiles/__idf_lvgl__lvgl.dir/src/osal/lv_mqx.c.obj
[ 72%] Building C object esp-idf/lvgl__lvgl/CMakeFiles/__idf_lvgl__lvgl.dir/src/osal/lv_linux.c.obj
[ 72%] Building C object esp-idf/lvgl__lvgl/CMakeFiles/__idf_lvgl__lvgl.dir/src/osal/lv_pthread.c.obj
[ 72%] Building C object esp-idf/lvgl__lvgl/CMakeFiles/__idf_lvgl__lvgl.dir/src/osal/lv_os_none.c.obj
[ 72%] Building C object esp-idf/lvgl__lvgl/CMakeFiles/__idf_lvgl__lvgl.dir/src/osal/lv_sdl2.c.obj
[ 72%] Building C object esp-idf/lvgl__lvgl/CMakeFiles/__idf_lvgl__lvgl.dir/src/osal/lv_rtthread.c.obj
[ 72%] Building C object esp-idf/lvgl__lvgl/CMakeFiles/__idf_lvgl__lvgl.dir/src/osal/lv_windows.c.obj
[ 73%] Building C object esp-idf/lvgl__lvgl/CMakeFiles/__idf_lvgl__lvgl.dir/src/others/file_explorer/lv_file_explorer.c.obj
[ 73%] Building C object esp-idf/lvgl__lvgl/CMakeFiles/__idf_lvgl__lvgl.dir/src/others/font_manager/lv_font_manager.c.obj
[ 73%] Building C object esp-idf/lvgl__lvgl/CMakeFiles/__idf_lvgl__lvgl.dir/src/others/fragment/lv_fragment.c.obj
[ 73%] Building C object esp-idf/lvgl__lvgl/CMakeFiles/__idf_lvgl__lvgl.dir/src/others/font_manager/lv_font_manager_recycle.c.obj
[ 73%] Building C object esp-idf/lvgl__lvgl/CMakeFiles/__idf_lvgl__lvgl.dir/src/others/gridnav/lv_gridnav.c.obj
[ 73%] Building C object esp-idf/lvgl__lvgl/CMakeFiles/__idf_lvgl__lvgl.dir/src/others/ime/lv_ime_pinyin.c.obj
[ 73%] Building C object esp-idf/lvgl__lvgl/CMakeFiles/__idf_lvgl__lvgl.dir/src/others/fragment/lv_fragment_manager.c.obj
[ 73%] Building C object esp-idf/lvgl__lvgl/CMakeFiles/__idf_lvgl__lvgl.dir/src/others/imgfont/lv_imgfont.c.obj
[ 73%] Building C object esp-idf/lvgl__lvgl/CMakeFiles/__idf_lvgl__lvgl.dir/src/others/monkey/lv_monkey.c.obj
[ 73%] Building C object esp-idf/lvgl__lvgl/CMakeFiles/__idf_lvgl__lvgl.dir/src/others/observer/lv_observer.c.obj
[ 73%] Building C object esp-idf/lvgl__lvgl/CMakeFiles/__idf_lvgl__lvgl.dir/src/others/sysmon/lv_sysmon.c.obj
[ 73%] Building C object esp-idf/lvgl__lvgl/CMakeFiles/__idf_lvgl__lvgl.dir/src/others/snapshot/lv_snapshot.c.obj
[ 73%] Building C object esp-idf/lvgl__lvgl/CMakeFiles/__idf_lvgl__lvgl.dir/src/others/test/lv_test_display.c.obj
[ 73%] Building C object esp-idf/lvgl__lvgl/CMakeFiles/__idf_lvgl__lvgl.dir/src/others/test/lv_test_helpers.c.obj
[ 73%] Building C object esp-idf/lvgl__lvgl/CMakeFiles/__idf_lvgl__lvgl.dir/src/others/test/lv_test_indev.c.obj
[ 73%] Building C object esp-idf/lvgl__lvgl/CMakeFiles/__idf_lvgl__lvgl.dir/src/others/test/lv_test_screenshot_compare.c.obj
[ 73%] Building C object esp-idf/lvgl__lvgl/CMakeFiles/__idf_lvgl__lvgl.dir/src/others/test/lv_test_indev_gesture.c.obj
[ 73%] Building C object esp-idf/lvgl__lvgl/CMakeFiles/__idf_lvgl__lvgl.dir/src/others/vg_lite_tvg/vg_lite_matrix.c.obj
[ 74%] Building CXX object esp-idf/lvgl__lvgl/CMakeFiles/__idf_lvgl__lvgl.dir/src/others/vg_lite_tvg/vg_lite_tvg.cpp.obj
[ 74%] Building C object esp-idf/lvgl__lvgl/CMakeFiles/__idf_lvgl__lvgl.dir/src/others/xml/lv_xml.c.obj
[ 74%] Building C object esp-idf/lvgl__lvgl/CMakeFiles/__idf_lvgl__lvgl.dir/src/others/xml/lv_xml_parser.c.obj
[ 74%] Building C object esp-idf/lvgl__lvgl/CMakeFiles/__idf_lvgl__lvgl.dir/src/others/xml/lv_xml_component.c.obj
[ 74%] Building C object esp-idf/lvgl__lvgl/CMakeFiles/__idf_lvgl__lvgl.dir/src/others/xml/lv_xml_base_types.c.obj
[ 74%] Building C object esp-idf/lvgl__lvgl/CMakeFiles/__idf_lvgl__lvgl.dir/src/others/xml/lv_xml_style.c.obj
[ 74%] Building C object esp-idf/lvgl__lvgl/CMakeFiles/__idf_lvgl__lvgl.dir/src/others/xml/lv_xml_update.c.obj
[ 74%] Building C object esp-idf/lvgl__lvgl/CMakeFiles/__idf_lvgl__lvgl.dir/src/others/xml/lv_xml_widget.c.obj
[ 74%] Building C object esp-idf/lvgl__lvgl/CMakeFiles/__idf_lvgl__lvgl.dir/src/others/xml/parsers/lv_xml_arc_parser.c.obj
[ 74%] Building C object esp-idf/lvgl__lvgl/CMakeFiles/__idf_lvgl__lvgl.dir/src/others/xml/parsers/lv_xml_bar_parser.c.obj
[ 74%] Building C object esp-idf/lvgl__lvgl/CMakeFiles/__idf_lvgl__lvgl.dir/src/others/xml/lv_xml_utils.c.obj
[ 74%] Building C object esp-idf/lvgl__lvgl/CMakeFiles/__idf_lvgl__lvgl.dir/src/others/xml/parsers/lv_xml_button_parser.c.obj
[ 74%] Building C object esp-idf/lvgl__lvgl/CMakeFiles/__idf_lvgl__lvgl.dir/src/others/xml/parsers/lv_xml_buttonmatrix_parser.c.obj
[ 74%] Building C object esp-idf/lvgl__lvgl/CMakeFiles/__idf_lvgl__lvgl.dir/src/others/xml/parsers/lv_xml_calendar_parser.c.obj
[ 74%] Building C object esp-idf/lvgl__lvgl/CMakeFiles/__idf_lvgl__lvgl.dir/src/others/xml/parsers/lv_xml_canvas_parser.c.obj
[ 74%] Building C object esp-idf/lvgl__lvgl/CMakeFiles/__idf_lvgl__lvgl.dir/src/others/xml/parsers/lv_xml_chart_parser.c.obj
[ 74%] Building C object esp-idf/lvgl__lvgl/CMakeFiles/__idf_lvgl__lvgl.dir/src/others/xml/parsers/lv_xml_image_parser.c.obj
[ 75%] Building C object esp-idf/lvgl__lvgl/CMakeFiles/__idf_lvgl__lvgl.dir/src/others/xml/parsers/lv_xml_event_parser.c.obj
[ 75%] Building C object esp-idf/lvgl__lvgl/CMakeFiles/__idf_lvgl__lvgl.dir/src/others/xml/parsers/lv_xml_keyboard_parser.c.obj
[ 75%] Building C object esp-idf/lvgl__lvgl/CMakeFiles/__idf_lvgl__lvgl.dir/src/others/xml/parsers/lv_xml_dropdown_parser.c.obj
[ 75%] Building C object esp-idf/lvgl__lvgl/CMakeFiles/__idf_lvgl__lvgl.dir/src/others/xml/parsers/lv_xml_checkbox_parser.c.obj
[ 75%] Building C object esp-idf/lvgl__lvgl/CMakeFiles/__idf_lvgl__lvgl.dir/src/others/xml/parsers/lv_xml_label_parser.c.obj
[ 75%] Building C object esp-idf/lvgl__lvgl/CMakeFiles/__idf_lvgl__lvgl.dir/src/others/xml/parsers/lv_xml_obj_parser.c.obj
[ 75%] Building C object esp-idf/lvgl__lvgl/CMakeFiles/__idf_lvgl__lvgl.dir/src/others/xml/parsers/lv_xml_roller_parser.c.obj
[ 75%] Building C object esp-idf/lvgl__lvgl/CMakeFiles/__idf_lvgl__lvgl.dir/src/others/xml/parsers/lv_xml_scale_parser.c.obj
[ 75%] Building C object esp-idf/lvgl__lvgl/CMakeFiles/__idf_lvgl__lvgl.dir/src/others/xml/parsers/lv_xml_slider_parser.c.obj
[ 75%] Building C object esp-idf/lvgl__lvgl/CMakeFiles/__idf_lvgl__lvgl.dir/src/others/xml/parsers/lv_xml_spangroup_parser.c.obj
[ 75%] Building C object esp-idf/lvgl__lvgl/CMakeFiles/__idf_lvgl__lvgl.dir/src/others/xml/parsers/lv_xml_table_parser.c.obj
[ 75%] Building C object esp-idf/lvgl__lvgl/CMakeFiles/__idf_lvgl__lvgl.dir/src/others/xml/parsers/lv_xml_tabview_parser.c.obj
[ 75%] Building C object esp-idf/lvgl__lvgl/CMakeFiles/__idf_lvgl__lvgl.dir/src/others/xml/parsers/lv_xml_textarea_parser.c.obj
[ 75%] Building C object esp-idf/lvgl__lvgl/CMakeFiles/__idf_lvgl__lvgl.dir/src/stdlib/builtin/lv_mem_core_builtin.c.obj
[ 75%] Building C object esp-idf/lvgl__lvgl/CMakeFiles/__idf_lvgl__lvgl.dir/src/stdlib/builtin/lv_string_builtin.c.obj
[ 75%] Building C object esp-idf/lvgl__lvgl/CMakeFiles/__idf_lvgl__lvgl.dir/src/stdlib/builtin/lv_tlsf.c.obj
[ 75%] Building C object esp-idf/lvgl__lvgl/CMakeFiles/__idf_lvgl__lvgl.dir/src/stdlib/builtin/lv_sprintf_builtin.c.obj
[ 75%] Building C object esp-idf/lvgl__lvgl/CMakeFiles/__idf_lvgl__lvgl.dir/src/stdlib/clib/lv_string_clib.c.obj
[ 75%] Building C object esp-idf/lvgl__lvgl/CMakeFiles/__idf_lvgl__lvgl.dir/src/stdlib/clib/lv_mem_core_clib.c.obj
[ 76%] Building C object esp-idf/lvgl__lvgl/CMakeFiles/__idf_lvgl__lvgl.dir/src/stdlib/clib/lv_sprintf_clib.c.obj
[ 76%] Building C object esp-idf/lvgl__lvgl/CMakeFiles/__idf_lvgl__lvgl.dir/src/stdlib/lv_mem.c.obj
[ 76%] Building C object esp-idf/lvgl__lvgl/CMakeFiles/__idf_lvgl__lvgl.dir/src/stdlib/micropython/lv_mem_core_micropython.c.obj
[ 76%] Building C object esp-idf/lvgl__lvgl/CMakeFiles/__idf_lvgl__lvgl.dir/src/stdlib/rtthread/lv_sprintf_rtthread.c.obj
[ 76%] Building C object esp-idf/lvgl__lvgl/CMakeFiles/__idf_lvgl__lvgl.dir/src/stdlib/rtthread/lv_string_rtthread.c.obj
[ 76%] Building C object esp-idf/lvgl__lvgl/CMakeFiles/__idf_lvgl__lvgl.dir/src/stdlib/rtthread/lv_mem_core_rtthread.c.obj
[ 76%] Building C object esp-idf/lvgl__lvgl/CMakeFiles/__idf_lvgl__lvgl.dir/src/stdlib/uefi/lv_mem_core_uefi.c.obj
[ 76%] Building C object esp-idf/lvgl__lvgl/CMakeFiles/__idf_lvgl__lvgl.dir/src/themes/default/lv_theme_default.c.obj
[ 76%] Building C object esp-idf/lvgl__lvgl/CMakeFiles/__idf_lvgl__lvgl.dir/src/themes/lv_theme.c.obj
[ 76%] Building C object esp-idf/lvgl__lvgl/CMakeFiles/__idf_lvgl__lvgl.dir/src/tick/lv_tick.c.obj
[ 76%] Building C object esp-idf/lvgl__lvgl/CMakeFiles/__idf_lvgl__lvgl.dir/src/themes/simple/lv_theme_simple.c.obj
[ 76%] Building C object esp-idf/lvgl__lvgl/CMakeFiles/__idf_lvgl__lvgl.dir/src/themes/mono/lv_theme_mono.c.obj
[ 76%] Building C object esp-idf/lvgl__lvgl/CMakeFiles/__idf_lvgl__lvgl.dir/src/widgets/animimage/lv_animimage.c.obj
[ 76%] Building C object esp-idf/lvgl__lvgl/CMakeFiles/__idf_lvgl__lvgl.dir/src/widgets/3dtexture/lv_3dtexture.c.obj
[ 76%] Building C object esp-idf/lvgl__lvgl/CMakeFiles/__idf_lvgl__lvgl.dir/src/widgets/arc/lv_arc.c.obj
[ 77%] Building C object esp-idf/lvgl__lvgl/CMakeFiles/__idf_lvgl__lvgl.dir/src/widgets/buttonmatrix/lv_buttonmatrix.c.obj
[ 77%] Building C object esp-idf/lvgl__lvgl/CMakeFiles/__idf_lvgl__lvgl.dir/src/widgets/button/lv_button.c.obj
[ 77%] Building C object esp-idf/lvgl__lvgl/CMakeFiles/__idf_lvgl__lvgl.dir/src/widgets/bar/lv_bar.c.obj
[ 77%] Building C object esp-idf/lvgl__lvgl/CMakeFiles/__idf_lvgl__lvgl.dir/src/widgets/calendar/lv_calendar.c.obj
[ 77%] Building C object esp-idf/lvgl__lvgl/CMakeFiles/__idf_lvgl__lvgl.dir/src/widgets/calendar/lv_calendar_header_arrow.c.obj
[ 77%] Building C object esp-idf/lvgl__lvgl/CMakeFiles/__idf_lvgl__lvgl.dir/src/widgets/calendar/lv_calendar_chinese.c.obj
[ 77%] Building C object esp-idf/lvgl__lvgl/CMakeFiles/__idf_lvgl__lvgl.dir/src/widgets/calendar/lv_calendar_header_dropdown.c.obj
[ 77%] Building C object esp-idf/lvgl__lvgl/CMakeFiles/__idf_lvgl__lvgl.dir/src/widgets/canvas/lv_canvas.c.obj
[ 77%] Building C object esp-idf/lvgl__lvgl/CMakeFiles/__idf_lvgl__lvgl.dir/src/widgets/chart/lv_chart.c.obj
[ 77%] Building C object esp-idf/lvgl__lvgl/CMakeFiles/__idf_lvgl__lvgl.dir/src/widgets/checkbox/lv_checkbox.c.obj
[ 77%] Building C object esp-idf/lvgl__lvgl/CMakeFiles/__idf_lvgl__lvgl.dir/src/widgets/dropdown/lv_dropdown.c.obj
[ 77%] Building C object esp-idf/lvgl__lvgl/CMakeFiles/__idf_lvgl__lvgl.dir/src/widgets/image/lv_image.c.obj
[ 77%] Building C object esp-idf/lvgl__lvgl/CMakeFiles/__idf_lvgl__lvgl.dir/src/widgets/keyboard/lv_keyboard.c.obj
[ 77%] Building C object esp-idf/lvgl__lvgl/CMakeFiles/__idf_lvgl__lvgl.dir/src/widgets/imagebutton/lv_imagebutton.c.obj
[ 77%] Building C object esp-idf/lvgl__lvgl/CMakeFiles/__idf_lvgl__lvgl.dir/src/widgets/line/lv_line.c.obj
[ 77%] Building C object esp-idf/lvgl__lvgl/CMakeFiles/__idf_lvgl__lvgl.dir/src/widgets/lottie/lv_lottie.c.obj
[ 77%] Building C object esp-idf/lvgl__lvgl/CMakeFiles/__idf_lvgl__lvgl.dir/src/widgets/led/lv_led.c.obj
[ 77%] Building C object esp-idf/lvgl__lvgl/CMakeFiles/__idf_lvgl__lvgl.dir/src/widgets/list/lv_list.c.obj
[ 77%] Building C object esp-idf/lvgl__lvgl/CMakeFiles/__idf_lvgl__lvgl.dir/src/widgets/label/lv_label.c.obj
[ 77%] Building C object esp-idf/lvgl__lvgl/CMakeFiles/__idf_lvgl__lvgl.dir/src/widgets/menu/lv_menu.c.obj
[ 77%] Building C object esp-idf/lvgl__lvgl/CMakeFiles/__idf_lvgl__lvgl.dir/src/widgets/objx_templ/lv_objx_templ.c.obj
[ 78%] Building C object esp-idf/lvgl__lvgl/CMakeFiles/__idf_lvgl__lvgl.dir/src/widgets/msgbox/lv_msgbox.c.obj
[ 78%] Building C object esp-idf/lvgl__lvgl/CMakeFiles/__idf_lvgl__lvgl.dir/src/widgets/property/lv_dropdown_properties.c.obj
[ 78%] Building C object esp-idf/lvgl__lvgl/CMakeFiles/__idf_lvgl__lvgl.dir/src/widgets/property/lv_animimage_properties.c.obj
[ 78%] Building C object esp-idf/lvgl__lvgl/CMakeFiles/__idf_lvgl__lvgl.dir/src/widgets/property/lv_image_properties.c.obj
[ 78%] Building C object esp-idf/lvgl__lvgl/CMakeFiles/__idf_lvgl__lvgl.dir/src/widgets/property/lv_keyboard_properties.c.obj
[ 78%] Building C object esp-idf/lvgl__lvgl/CMakeFiles/__idf_lvgl__lvgl.dir/src/widgets/property/lv_label_properties.c.obj
[ 78%] Building C object esp-idf/lvgl__lvgl/CMakeFiles/__idf_lvgl__lvgl.dir/src/widgets/property/lv_obj_properties.c.obj
[ 78%] Building C object esp-idf/lvgl__lvgl/CMakeFiles/__idf_lvgl__lvgl.dir/src/widgets/property/lv_roller_properties.c.obj
[ 78%] Building C object esp-idf/lvgl__lvgl/CMakeFiles/__idf_lvgl__lvgl.dir/src/widgets/property/lv_slider_properties.c.obj
[ 78%] Building C object esp-idf/lvgl__lvgl/CMakeFiles/__idf_lvgl__lvgl.dir/src/widgets/property/lv_style_properties.c.obj
[ 78%] Building C object esp-idf/lvgl__lvgl/CMakeFiles/__idf_lvgl__lvgl.dir/src/widgets/property/lv_textarea_properties.c.obj
[ 78%] Building C object esp-idf/lvgl__lvgl/CMakeFiles/__idf_lvgl__lvgl.dir/src/widgets/scale/lv_scale.c.obj
[ 78%] Building C object esp-idf/lvgl__lvgl/CMakeFiles/__idf_lvgl__lvgl.dir/src/widgets/roller/lv_roller.c.obj
[ 78%] Building C object esp-idf/lvgl__lvgl/CMakeFiles/__idf_lvgl__lvgl.dir/src/widgets/spinbox/lv_spinbox.c.obj
[ 78%] Building C object esp-idf/lvgl__lvgl/CMakeFiles/__idf_lvgl__lvgl.dir/src/widgets/slider/lv_slider.c.obj
[ 78%] Building C object esp-idf/lvgl__lvgl/CMakeFiles/__idf_lvgl__lvgl.dir/src/widgets/spinner/lv_spinner.c.obj
[ 78%] Building C object esp-idf/lvgl__lvgl/CMakeFiles/__idf_lvgl__lvgl.dir/src/widgets/span/lv_span.c.obj
[ 78%] Building C object esp-idf/lvgl__lvgl/CMakeFiles/__idf_lvgl__lvgl.dir/src/widgets/table/lv_table.c.obj
[ 79%] Building C object esp-idf/lvgl__lvgl/CMakeFiles/__idf_lvgl__lvgl.dir/src/widgets/switch/lv_switch.c.obj
[ 79%] Building C object esp-idf/lvgl__lvgl/CMakeFiles/__idf_lvgl__lvgl.dir/src/widgets/tabview/lv_tabview.c.obj
[ 79%] Building C object esp-idf/lvgl__lvgl/CMakeFiles/__idf_lvgl__lvgl.dir/src/widgets/textarea/lv_textarea.c.obj
[ 79%] Building C object esp-idf/lvgl__lvgl/CMakeFiles/__idf_lvgl__lvgl.dir/src/widgets/win/lv_win.c.obj
[ 79%] Building C object esp-idf/lvgl__lvgl/CMakeFiles/__idf_lvgl__lvgl.dir/src/widgets/tileview/lv_tileview.c.obj
[ 79%] Building C object esp-idf/lvgl__lvgl/CMakeFiles/__idf_lvgl__lvgl.dir/examples/anim/lv_example_anim_1.c.obj
[ 79%] Building C object esp-idf/lvgl__lvgl/CMakeFiles/__idf_lvgl__lvgl.dir/examples/anim/lv_example_anim_2.c.obj
[ 79%] Building C object esp-idf/lvgl__lvgl/CMakeFiles/__idf_lvgl__lvgl.dir/examples/anim/lv_example_anim_3.c.obj
[ 79%] Building C object esp-idf/lvgl__lvgl/CMakeFiles/__idf_lvgl__lvgl.dir/examples/anim/lv_example_anim_4.c.obj
[ 79%] Building C object esp-idf/lvgl__lvgl/CMakeFiles/__idf_lvgl__lvgl.dir/examples/assets/animimg001.c.obj
[ 79%] Building C object esp-idf/lvgl__lvgl/CMakeFiles/__idf_lvgl__lvgl.dir/examples/anim/lv_example_anim_timeline_1.c.obj
[ 79%] Building C object esp-idf/lvgl__lvgl/CMakeFiles/__idf_lvgl__lvgl.dir/examples/assets/emoji/img_emoji_F617.c.obj
[ 79%] Building C object esp-idf/lvgl__lvgl/CMakeFiles/__idf_lvgl__lvgl.dir/examples/assets/animimg002.c.obj
[ 79%] Building C object esp-idf/lvgl__lvgl/CMakeFiles/__idf_lvgl__lvgl.dir/examples/assets/animimg003.c.obj
[ 79%] Building C object esp-idf/lvgl__lvgl/CMakeFiles/__idf_lvgl__lvgl.dir/examples/assets/img_caret_down.c.obj
[ 79%] Building C object esp-idf/lvgl__lvgl/CMakeFiles/__idf_lvgl__lvgl.dir/examples/assets/img_cogwheel_argb.c.obj
[ 80%] Building C object esp-idf/lvgl__lvgl/CMakeFiles/__idf_lvgl__lvgl.dir/examples/assets/img_cogwheel_rgb.c.obj
[ 80%] Building C object esp-idf/lvgl__lvgl/CMakeFiles/__idf_lvgl__lvgl.dir/examples/assets/img_cogwheel_indexed16.c.obj
[ 80%] Building C object esp-idf/lvgl__lvgl/CMakeFiles/__idf_lvgl__lvgl.dir/examples/assets/img_hand.c.obj
[ 80%] Building C object esp-idf/lvgl__lvgl/CMakeFiles/__idf_lvgl__lvgl.dir/examples/assets/img_skew_strip.c.obj
[ 80%] Building C object esp-idf/lvgl__lvgl/CMakeFiles/__idf_lvgl__lvgl.dir/examples/assets/img_star.c.obj
[ 80%] Building C object esp-idf/lvgl__lvgl/CMakeFiles/__idf_lvgl__lvgl.dir/examples/assets/img_svg_img.c.obj
[ 80%] Building C object esp-idf/lvgl__lvgl/CMakeFiles/__idf_lvgl__lvgl.dir/examples/assets/imgbtn_left.c.obj
[ 80%] Building C object esp-idf/lvgl__lvgl/CMakeFiles/__idf_lvgl__lvgl.dir/examples/assets/imgbtn_right.c.obj
[ 80%] Building C object esp-idf/lvgl__lvgl/CMakeFiles/__idf_lvgl__lvgl.dir/examples/event/lv_example_event_bubble.c.obj
[ 80%] Building C object esp-idf/lvgl__lvgl/CMakeFiles/__idf_lvgl__lvgl.dir/examples/assets/imgbtn_mid.c.obj
[ 80%] Building C object esp-idf/lvgl__lvgl/CMakeFiles/__idf_lvgl__lvgl.dir/examples/event/lv_example_event_button.c.obj
[ 80%] Building C object esp-idf/lvgl__lvgl/CMakeFiles/__idf_lvgl__lvgl.dir/examples/event/lv_example_event_click.c.obj
[ 80%] Building C object esp-idf/lvgl__lvgl/CMakeFiles/__idf_lvgl__lvgl.dir/examples/event/lv_example_event_draw.c.obj
[ 80%] Building C object esp-idf/lvgl__lvgl/CMakeFiles/__idf_lvgl__lvgl.dir/examples/event/lv_example_event_streak.c.obj
[ 80%] Building C object esp-idf/lvgl__lvgl/CMakeFiles/__idf_lvgl__lvgl.dir/examples/get_started/lv_example_get_started_1.c.obj
[ 80%] Building C object esp-idf/lvgl__lvgl/CMakeFiles/__idf_lvgl__lvgl.dir/examples/get_started/lv_example_get_started_2.c.obj
[ 80%] Building C object esp-idf/lvgl__lvgl/CMakeFiles/__idf_lvgl__lvgl.dir/examples/get_started/lv_example_get_started_3.c.obj
[ 80%] Building C object esp-idf/lvgl__lvgl/CMakeFiles/__idf_lvgl__lvgl.dir/examples/layouts/flex/lv_example_flex_1.c.obj
[ 80%] Building C object esp-idf/lvgl__lvgl/CMakeFiles/__idf_lvgl__lvgl.dir/examples/grad/lv_example_grad_4.c.obj
[ 80%] Building C object esp-idf/lvgl__lvgl/CMakeFiles/__idf_lvgl__lvgl.dir/examples/layouts/flex/lv_example_flex_2.c.obj
[ 80%] Building C object esp-idf/lvgl__lvgl/CMakeFiles/__idf_lvgl__lvgl.dir/examples/get_started/lv_example_get_started_4.c.obj
[ 81%] Building C object esp-idf/lvgl__lvgl/CMakeFiles/__idf_lvgl__lvgl.dir/examples/grad/lv_example_grad_1.c.obj
[ 81%] Building C object esp-idf/lvgl__lvgl/CMakeFiles/__idf_lvgl__lvgl.dir/examples/grad/lv_example_grad_2.c.obj
[ 81%] Building C object esp-idf/lvgl__lvgl/CMakeFiles/__idf_lvgl__lvgl.dir/examples/grad/lv_example_grad_3.c.obj
[ 81%] Building C object esp-idf/lvgl__lvgl/CMakeFiles/__idf_lvgl__lvgl.dir/examples/layouts/flex/lv_example_flex_3.c.obj
[ 81%] Building C object esp-idf/lvgl__lvgl/CMakeFiles/__idf_lvgl__lvgl.dir/examples/layouts/flex/lv_example_flex_4.c.obj
[ 81%] Building C object esp-idf/lvgl__lvgl/CMakeFiles/__idf_lvgl__lvgl.dir/examples/layouts/flex/lv_example_flex_5.c.obj
[ 81%] Building C object esp-idf/lvgl__lvgl/CMakeFiles/__idf_lvgl__lvgl.dir/examples/layouts/flex/lv_example_flex_6.c.obj
[ 81%] Building C object esp-idf/lvgl__lvgl/CMakeFiles/__idf_lvgl__lvgl.dir/examples/layouts/grid/lv_example_grid_2.c.obj
[ 81%] Building C object esp-idf/lvgl__lvgl/CMakeFiles/__idf_lvgl__lvgl.dir/examples/layouts/grid/lv_example_grid_1.c.obj
[ 81%] Building C object esp-idf/lvgl__lvgl/CMakeFiles/__idf_lvgl__lvgl.dir/examples/layouts/grid/lv_example_grid_4.c.obj
[ 81%] Building C object esp-idf/lvgl__lvgl/CMakeFiles/__idf_lvgl__lvgl.dir/examples/layouts/grid/lv_example_grid_3.c.obj
[ 81%] Building C object esp-idf/lvgl__lvgl/CMakeFiles/__idf_lvgl__lvgl.dir/examples/layouts/grid/lv_example_grid_5.c.obj
[ 81%] Building C object esp-idf/lvgl__lvgl/CMakeFiles/__idf_lvgl__lvgl.dir/examples/layouts/grid/lv_example_grid_6.c.obj
[ 81%] Building C object esp-idf/lvgl__lvgl/CMakeFiles/__idf_lvgl__lvgl.dir/examples/libs/barcode/lv_example_barcode_1.c.obj
[ 81%] Building C object esp-idf/lvgl__lvgl/CMakeFiles/__idf_lvgl__lvgl.dir/examples/libs/bmp/lv_example_bmp_1.c.obj
[ 82%] Building C object esp-idf/lvgl__lvgl/CMakeFiles/__idf_lvgl__lvgl.dir/examples/libs/ffmpeg/lv_example_ffmpeg_1.c.obj
[ 82%] Building C object esp-idf/lvgl__lvgl/CMakeFiles/__idf_lvgl__lvgl.dir/examples/libs/ffmpeg/lv_example_ffmpeg_2.c.obj
[ 82%] Building C object esp-idf/lvgl__lvgl/CMakeFiles/__idf_lvgl__lvgl.dir/examples/libs/freetype/lv_example_freetype_1.c.obj
[ 82%] Building C object esp-idf/lvgl__lvgl/CMakeFiles/__idf_lvgl__lvgl.dir/examples/libs/freetype/lv_example_freetype_2.c.obj
[ 82%] Building C object esp-idf/lvgl__lvgl/CMakeFiles/__idf_lvgl__lvgl.dir/examples/libs/freetype/lv_example_freetype_3.c.obj
[ 82%] Building C object esp-idf/lvgl__lvgl/CMakeFiles/__idf_lvgl__lvgl.dir/examples/libs/gif/img_bulb_gif.c.obj
[ 82%] Building C object esp-idf/lvgl__lvgl/CMakeFiles/__idf_lvgl__lvgl.dir/examples/libs/libjpeg_turbo/lv_example_libjpeg_turbo_1.c.obj
[ 82%] Building C object esp-idf/lvgl__lvgl/CMakeFiles/__idf_lvgl__lvgl.dir/examples/libs/libpng/img_png_demo.c.obj
[ 82%] Building C object esp-idf/lvgl__lvgl/CMakeFiles/__idf_lvgl__lvgl.dir/examples/libs/gif/lv_example_gif_1.c.obj
[ 82%] Building C object esp-idf/lvgl__lvgl/CMakeFiles/__idf_lvgl__lvgl.dir/examples/libs/libpng/lv_example_libpng_1.c.obj
[ 82%] Building C object esp-idf/lvgl__lvgl/CMakeFiles/__idf_lvgl__lvgl.dir/examples/libs/lodepng/img_wink_png.c.obj
[ 82%] Building C object esp-idf/lvgl__lvgl/CMakeFiles/__idf_lvgl__lvgl.dir/examples/libs/lodepng/lv_example_lodepng_1.c.obj
[ 82%] Building C object esp-idf/lvgl__lvgl/CMakeFiles/__idf_lvgl__lvgl.dir/examples/libs/qrcode/lv_example_qrcode_1.c.obj
[ 82%] Building C object esp-idf/lvgl__lvgl/CMakeFiles/__idf_lvgl__lvgl.dir/examples/libs/rlottie/lv_example_rlottie_2.c.obj
[ 82%] Building C object esp-idf/lvgl__lvgl/CMakeFiles/__idf_lvgl__lvgl.dir/examples/libs/rlottie/lv_example_rlottie_1.c.obj
[ 82%] Building C object esp-idf/lvgl__lvgl/CMakeFiles/__idf_lvgl__lvgl.dir/examples/libs/rlottie/lv_example_rlottie_approve.c.obj
[ 82%] Building C object esp-idf/lvgl__lvgl/CMakeFiles/__idf_lvgl__lvgl.dir/examples/libs/svg/lv_example_svg_1.c.obj
[ 82%] Building C object esp-idf/lvgl__lvgl/CMakeFiles/__idf_lvgl__lvgl.dir/examples/libs/tiny_ttf/lv_example_tiny_ttf_1.c.obj
[ 82%] Building C object esp-idf/lvgl__lvgl/CMakeFiles/__idf_lvgl__lvgl.dir/examples/libs/tiny_ttf/lv_example_tiny_ttf_3.c.obj
[ 83%] Building C object esp-idf/lvgl__lvgl/CMakeFiles/__idf_lvgl__lvgl.dir/examples/libs/tiny_ttf/lv_example_tiny_ttf_2.c.obj
[ 83%] Building C object esp-idf/lvgl__lvgl/CMakeFiles/__idf_lvgl__lvgl.dir/examples/libs/tiny_ttf/ubuntu_font.c.obj
[ 83%] Building C object esp-idf/lvgl__lvgl/CMakeFiles/__idf_lvgl__lvgl.dir/examples/others/file_explorer/lv_example_file_explorer_1.c.obj
[ 83%] Building C object esp-idf/lvgl__lvgl/CMakeFiles/__idf_lvgl__lvgl.dir/examples/libs/tjpgd/lv_example_tjpgd_1.c.obj
[ 83%] Building C object esp-idf/lvgl__lvgl/CMakeFiles/__idf_lvgl__lvgl.dir/examples/others/file_explorer/lv_example_file_explorer_2.c.obj
[ 83%] Building C object esp-idf/lvgl__lvgl/CMakeFiles/__idf_lvgl__lvgl.dir/examples/others/file_explorer/lv_example_file_explorer_3.c.obj
[ 83%] Building C object esp-idf/lvgl__lvgl/CMakeFiles/__idf_lvgl__lvgl.dir/examples/others/font_manager/lv_example_font_manager_1.c.obj
[ 83%] Building C object esp-idf/lvgl__lvgl/CMakeFiles/__idf_lvgl__lvgl.dir/examples/others/font_manager/lv_example_font_manager_2.c.obj
[ 83%] Building C object esp-idf/lvgl__lvgl/CMakeFiles/__idf_lvgl__lvgl.dir/examples/others/font_manager/lv_example_font_manager_3.c.obj
[ 83%] Building C object esp-idf/lvgl__lvgl/CMakeFiles/__idf_lvgl__lvgl.dir/examples/others/fragment/lv_example_fragment_1.c.obj
[ 83%] Building C object esp-idf/lvgl__lvgl/CMakeFiles/__idf_lvgl__lvgl.dir/examples/others/fragment/lv_example_fragment_2.c.obj
[ 83%] Building C object esp-idf/lvgl__lvgl/CMakeFiles/__idf_lvgl__lvgl.dir/examples/others/gridnav/lv_example_gridnav_1.c.obj
[ 83%] Building C object esp-idf/lvgl__lvgl/CMakeFiles/__idf_lvgl__lvgl.dir/examples/others/gridnav/lv_example_gridnav_2.c.obj
[ 83%] Building C object esp-idf/lvgl__lvgl/CMakeFiles/__idf_lvgl__lvgl.dir/examples/others/gestures/lv_example_gestures.c.obj
[ 83%] Building C object esp-idf/lvgl__lvgl/CMakeFiles/__idf_lvgl__lvgl.dir/examples/others/gridnav/lv_example_gridnav_3.c.obj
[ 83%] Building C object esp-idf/lvgl__lvgl/CMakeFiles/__idf_lvgl__lvgl.dir/examples/others/gridnav/lv_example_gridnav_4.c.obj
[ 83%] Building C object esp-idf/lvgl__lvgl/CMakeFiles/__idf_lvgl__lvgl.dir/examples/others/gridnav/lv_example_gridnav_5.c.obj
[ 84%] Building C object esp-idf/lvgl__lvgl/CMakeFiles/__idf_lvgl__lvgl.dir/examples/others/ime/lv_example_ime_pinyin_1.c.obj
[ 84%] Building C object esp-idf/lvgl__lvgl/CMakeFiles/__idf_lvgl__lvgl.dir/examples/others/ime/lv_example_ime_pinyin_2.c.obj
[ 84%] Building C object esp-idf/lvgl__lvgl/CMakeFiles/__idf_lvgl__lvgl.dir/examples/others/imgfont/lv_example_imgfont_1.c.obj
[ 84%] Building C object esp-idf/lvgl__lvgl/CMakeFiles/__idf_lvgl__lvgl.dir/examples/others/monkey/lv_example_monkey_1.c.obj
[ 84%] Building C object esp-idf/lvgl__lvgl/CMakeFiles/__idf_lvgl__lvgl.dir/examples/others/monkey/lv_example_monkey_2.c.obj
[ 84%] Building C object esp-idf/lvgl__lvgl/CMakeFiles/__idf_lvgl__lvgl.dir/examples/others/monkey/lv_example_monkey_3.c.obj
[ 84%] Building C object esp-idf/lvgl__lvgl/CMakeFiles/__idf_lvgl__lvgl.dir/examples/others/observer/lv_example_observer_1.c.obj
[ 84%] Building C object esp-idf/lvgl__lvgl/CMakeFiles/__idf_lvgl__lvgl.dir/examples/others/observer/lv_example_observer_2.c.obj
[ 84%] Building C object esp-idf/lvgl__lvgl/CMakeFiles/__idf_lvgl__lvgl.dir/examples/others/observer/lv_example_observer_3.c.obj
[ 84%] Building C object esp-idf/lvgl__lvgl/CMakeFiles/__idf_lvgl__lvgl.dir/examples/others/observer/lv_example_observer_5.c.obj
[ 84%] Building C object esp-idf/lvgl__lvgl/CMakeFiles/__idf_lvgl__lvgl.dir/examples/others/observer/lv_example_observer_4.c.obj
[ 84%] Building C object esp-idf/lvgl__lvgl/CMakeFiles/__idf_lvgl__lvgl.dir/examples/others/observer/lv_example_observer_6.c.obj
[ 84%] Building C object esp-idf/lvgl__lvgl/CMakeFiles/__idf_lvgl__lvgl.dir/examples/others/xml/lv_example_xml_1.c.obj
[ 84%] Building C object esp-idf/lvgl__lvgl/CMakeFiles/__idf_lvgl__lvgl.dir/examples/others/snapshot/lv_example_snapshot_1.c.obj
[ 84%] Building C object esp-idf/lvgl__lvgl/CMakeFiles/__idf_lvgl__lvgl.dir/examples/others/xml/lv_example_xml_2.c.obj
[ 84%] Building C object esp-idf/lvgl__lvgl/CMakeFiles/__idf_lvgl__lvgl.dir/examples/porting/lv_port_disp_template.c.obj
[ 84%] Building C object esp-idf/lvgl__lvgl/CMakeFiles/__idf_lvgl__lvgl.dir/examples/porting/lv_port_fs_template.c.obj
[ 84%] Building C object esp-idf/lvgl__lvgl/CMakeFiles/__idf_lvgl__lvgl.dir/examples/porting/lv_port_indev_template.c.obj
[ 85%] Building C object esp-idf/lvgl__lvgl/CMakeFiles/__idf_lvgl__lvgl.dir/examples/porting/lv_port_lcd_stm32_template.c.obj
[ 85%] Building C object esp-idf/lvgl__lvgl/CMakeFiles/__idf_lvgl__lvgl.dir/examples/porting/osal/lv_example_osal.c.obj
[ 85%] Building C object esp-idf/lvgl__lvgl/CMakeFiles/__idf_lvgl__lvgl.dir/examples/scroll/lv_example_scroll_1.c.obj
[ 85%] Building C object esp-idf/lvgl__lvgl/CMakeFiles/__idf_lvgl__lvgl.dir/examples/scroll/lv_example_scroll_2.c.obj
[ 85%] Building C object esp-idf/lvgl__lvgl/CMakeFiles/__idf_lvgl__lvgl.dir/examples/scroll/lv_example_scroll_4.c.obj
[ 85%] Building C object esp-idf/lvgl__lvgl/CMakeFiles/__idf_lvgl__lvgl.dir/examples/scroll/lv_example_scroll_3.c.obj
[ 85%] Building C object esp-idf/lvgl__lvgl/CMakeFiles/__idf_lvgl__lvgl.dir/examples/scroll/lv_example_scroll_5.c.obj
[ 85%] Building C object esp-idf/lvgl__lvgl/CMakeFiles/__idf_lvgl__lvgl.dir/examples/scroll/lv_example_scroll_6.c.obj
[ 85%] Building C object esp-idf/lvgl__lvgl/CMakeFiles/__idf_lvgl__lvgl.dir/examples/scroll/lv_example_scroll_7.c.obj
[ 85%] Building C object esp-idf/lvgl__lvgl/CMakeFiles/__idf_lvgl__lvgl.dir/examples/scroll/lv_example_scroll_8.c.obj
[ 85%] Building C object esp-idf/lvgl__lvgl/CMakeFiles/__idf_lvgl__lvgl.dir/examples/styles/lv_example_style_11.c.obj
[ 85%] Building C object esp-idf/lvgl__lvgl/CMakeFiles/__idf_lvgl__lvgl.dir/examples/styles/lv_example_style_1.c.obj
[ 85%] Building C object esp-idf/lvgl__lvgl/CMakeFiles/__idf_lvgl__lvgl.dir/examples/styles/lv_example_style_10.c.obj
[ 85%] Building C object esp-idf/lvgl__lvgl/CMakeFiles/__idf_lvgl__lvgl.dir/examples/styles/lv_example_style_13.c.obj
[ 85%] Building C object esp-idf/lvgl__lvgl/CMakeFiles/__idf_lvgl__lvgl.dir/examples/styles/lv_example_style_12.c.obj
[ 85%] Building C object esp-idf/lvgl__lvgl/CMakeFiles/__idf_lvgl__lvgl.dir/examples/styles/lv_example_style_14.c.obj
[ 86%] Building C object esp-idf/lvgl__lvgl/CMakeFiles/__idf_lvgl__lvgl.dir/examples/styles/lv_example_style_16.c.obj
[ 86%] Building C object esp-idf/lvgl__lvgl/CMakeFiles/__idf_lvgl__lvgl.dir/examples/styles/lv_example_style_17.c.obj
[ 86%] Building C object esp-idf/lvgl__lvgl/CMakeFiles/__idf_lvgl__lvgl.dir/examples/styles/lv_example_style_15.c.obj
[ 86%] Building C object esp-idf/lvgl__lvgl/CMakeFiles/__idf_lvgl__lvgl.dir/examples/styles/lv_example_style_19.c.obj
[ 86%] Building C object esp-idf/lvgl__lvgl/CMakeFiles/__idf_lvgl__lvgl.dir/examples/styles/lv_example_style_18.c.obj
[ 86%] Building C object esp-idf/lvgl__lvgl/CMakeFiles/__idf_lvgl__lvgl.dir/examples/styles/lv_example_style_2.c.obj
[ 86%] Building C object esp-idf/lvgl__lvgl/CMakeFiles/__idf_lvgl__lvgl.dir/examples/styles/lv_example_style_3.c.obj
[ 86%] Building C object esp-idf/lvgl__lvgl/CMakeFiles/__idf_lvgl__lvgl.dir/examples/styles/lv_example_style_4.c.obj
[ 86%] Building C object esp-idf/lvgl__lvgl/CMakeFiles/__idf_lvgl__lvgl.dir/examples/styles/lv_example_style_6.c.obj
[ 86%] Building C object esp-idf/lvgl__lvgl/CMakeFiles/__idf_lvgl__lvgl.dir/examples/styles/lv_example_style_5.c.obj
[ 86%] Building C object esp-idf/lvgl__lvgl/CMakeFiles/__idf_lvgl__lvgl.dir/examples/styles/lv_example_style_7.c.obj
[ 86%] Building C object esp-idf/lvgl__lvgl/CMakeFiles/__idf_lvgl__lvgl.dir/examples/styles/lv_example_style_8.c.obj
[ 86%] Building C object esp-idf/lvgl__lvgl/CMakeFiles/__idf_lvgl__lvgl.dir/examples/styles/lv_example_style_9.c.obj
[ 86%] Building C object esp-idf/lvgl__lvgl/CMakeFiles/__idf_lvgl__lvgl.dir/examples/widgets/animimg/lv_example_animimg_1.c.obj
[ 86%] Building C object esp-idf/lvgl__lvgl/CMakeFiles/__idf_lvgl__lvgl.dir/examples/widgets/arc/lv_example_arc_1.c.obj
[ 86%] Building C object esp-idf/lvgl__lvgl/CMakeFiles/__idf_lvgl__lvgl.dir/examples/widgets/arc/lv_example_arc_3.c.obj
[ 86%] Building C object esp-idf/lvgl__lvgl/CMakeFiles/__idf_lvgl__lvgl.dir/examples/widgets/arc/lv_example_arc_2.c.obj
[ 86%] Building C object esp-idf/lvgl__lvgl/CMakeFiles/__idf_lvgl__lvgl.dir/examples/widgets/bar/lv_example_bar_2.c.obj
[ 87%] Building C object esp-idf/lvgl__lvgl/CMakeFiles/__idf_lvgl__lvgl.dir/examples/widgets/bar/lv_example_bar_3.c.obj
[ 87%] Building C object esp-idf/lvgl__lvgl/CMakeFiles/__idf_lvgl__lvgl.dir/examples/widgets/bar/lv_example_bar_1.c.obj
[ 87%] Building C object esp-idf/lvgl__lvgl/CMakeFiles/__idf_lvgl__lvgl.dir/examples/widgets/bar/lv_example_bar_4.c.obj
[ 87%] Building C object esp-idf/lvgl__lvgl/CMakeFiles/__idf_lvgl__lvgl.dir/examples/widgets/bar/lv_example_bar_5.c.obj
[ 87%] Building C object esp-idf/lvgl__lvgl/CMakeFiles/__idf_lvgl__lvgl.dir/examples/widgets/bar/lv_example_bar_6.c.obj
[ 87%] Building C object esp-idf/lvgl__lvgl/CMakeFiles/__idf_lvgl__lvgl.dir/examples/widgets/bar/lv_example_bar_7.c.obj
[ 87%] Building C object esp-idf/lvgl__lvgl/CMakeFiles/__idf_lvgl__lvgl.dir/examples/widgets/button/lv_example_button_1.c.obj
[ 87%] Building C object esp-idf/lvgl__lvgl/CMakeFiles/__idf_lvgl__lvgl.dir/examples/widgets/button/lv_example_button_3.c.obj
[ 87%] Building C object esp-idf/lvgl__lvgl/CMakeFiles/__idf_lvgl__lvgl.dir/examples/widgets/button/lv_example_button_2.c.obj
[ 87%] Building C object esp-idf/lvgl__lvgl/CMakeFiles/__idf_lvgl__lvgl.dir/examples/widgets/buttonmatrix/lv_example_buttonmatrix_1.c.obj
[ 87%] Building C object esp-idf/lvgl__lvgl/CMakeFiles/__idf_lvgl__lvgl.dir/examples/widgets/buttonmatrix/lv_example_buttonmatrix_2.c.obj
[ 87%] Building C object esp-idf/lvgl__lvgl/CMakeFiles/__idf_lvgl__lvgl.dir/examples/widgets/calendar/lv_example_calendar_1.c.obj
[ 87%] Building C object esp-idf/lvgl__lvgl/CMakeFiles/__idf_lvgl__lvgl.dir/examples/widgets/calendar/lv_example_calendar_2.c.obj
[ 87%] Building C object esp-idf/lvgl__lvgl/CMakeFiles/__idf_lvgl__lvgl.dir/examples/widgets/buttonmatrix/lv_example_buttonmatrix_3.c.obj
[ 87%] Building C object esp-idf/lvgl__lvgl/CMakeFiles/__idf_lvgl__lvgl.dir/examples/widgets/canvas/lv_example_canvas_1.c.obj
[ 87%] Building C object esp-idf/lvgl__lvgl/CMakeFiles/__idf_lvgl__lvgl.dir/examples/widgets/canvas/lv_example_canvas_10.c.obj
[ 87%] Building C object esp-idf/lvgl__lvgl/CMakeFiles/__idf_lvgl__lvgl.dir/examples/widgets/canvas/lv_example_canvas_11.c.obj
[ 87%] Building C object esp-idf/lvgl__lvgl/CMakeFiles/__idf_lvgl__lvgl.dir/examples/widgets/canvas/lv_example_canvas_2.c.obj
[ 87%] Building C object esp-idf/lvgl__lvgl/CMakeFiles/__idf_lvgl__lvgl.dir/examples/widgets/canvas/lv_example_canvas_3.c.obj
[ 88%] Building C object esp-idf/lvgl__lvgl/CMakeFiles/__idf_lvgl__lvgl.dir/examples/widgets/canvas/lv_example_canvas_4.c.obj
[ 88%] Building C object esp-idf/lvgl__lvgl/CMakeFiles/__idf_lvgl__lvgl.dir/examples/widgets/canvas/lv_example_canvas_5.c.obj
[ 88%] Building C object esp-idf/lvgl__lvgl/CMakeFiles/__idf_lvgl__lvgl.dir/examples/widgets/canvas/lv_example_canvas_6.c.obj
[ 88%] Building C object esp-idf/lvgl__lvgl/CMakeFiles/__idf_lvgl__lvgl.dir/examples/widgets/canvas/lv_example_canvas_7.c.obj
[ 88%] Building C object esp-idf/lvgl__lvgl/CMakeFiles/__idf_lvgl__lvgl.dir/examples/widgets/canvas/lv_example_canvas_8.c.obj
[ 88%] Building C object esp-idf/lvgl__lvgl/CMakeFiles/__idf_lvgl__lvgl.dir/examples/widgets/chart/lv_example_chart_1.c.obj
[ 88%] Building C object esp-idf/lvgl__lvgl/CMakeFiles/__idf_lvgl__lvgl.dir/examples/widgets/canvas/lv_example_canvas_9.c.obj
[ 88%] Building C object esp-idf/lvgl__lvgl/CMakeFiles/__idf_lvgl__lvgl.dir/examples/widgets/chart/lv_example_chart_2.c.obj
[ 88%] Building C object esp-idf/lvgl__lvgl/CMakeFiles/__idf_lvgl__lvgl.dir/examples/widgets/chart/lv_example_chart_5.c.obj
[ 88%] Building C object esp-idf/lvgl__lvgl/CMakeFiles/__idf_lvgl__lvgl.dir/examples/widgets/chart/lv_example_chart_3.c.obj
[ 88%] Building C object esp-idf/lvgl__lvgl/CMakeFiles/__idf_lvgl__lvgl.dir/examples/widgets/chart/lv_example_chart_4.c.obj
[ 88%] Building C object esp-idf/lvgl__lvgl/CMakeFiles/__idf_lvgl__lvgl.dir/examples/widgets/chart/lv_example_chart_6.c.obj
[ 88%] Building C object esp-idf/lvgl__lvgl/CMakeFiles/__idf_lvgl__lvgl.dir/examples/widgets/chart/lv_example_chart_7.c.obj
[ 88%] Building C object esp-idf/lvgl__lvgl/CMakeFiles/__idf_lvgl__lvgl.dir/examples/widgets/chart/lv_example_chart_8.c.obj
[ 88%] Building C object esp-idf/lvgl__lvgl/CMakeFiles/__idf_lvgl__lvgl.dir/examples/widgets/checkbox/lv_example_checkbox_1.c.obj
[ 88%] Building C object esp-idf/lvgl__lvgl/CMakeFiles/__idf_lvgl__lvgl.dir/examples/widgets/checkbox/lv_example_checkbox_2.c.obj
[ 88%] Building C object esp-idf/lvgl__lvgl/CMakeFiles/__idf_lvgl__lvgl.dir/examples/widgets/dropdown/lv_example_dropdown_2.c.obj
[ 88%] Building C object esp-idf/lvgl__lvgl/CMakeFiles/__idf_lvgl__lvgl.dir/examples/widgets/dropdown/lv_example_dropdown_1.c.obj
[ 89%] Building C object esp-idf/lvgl__lvgl/CMakeFiles/__idf_lvgl__lvgl.dir/examples/widgets/dropdown/lv_example_dropdown_3.c.obj
[ 89%] Building C object esp-idf/lvgl__lvgl/CMakeFiles/__idf_lvgl__lvgl.dir/examples/widgets/image/lv_example_image_1.c.obj
[ 89%] Building C object esp-idf/lvgl__lvgl/CMakeFiles/__idf_lvgl__lvgl.dir/examples/widgets/image/lv_example_image_2.c.obj
[ 89%] Building C object esp-idf/lvgl__lvgl/CMakeFiles/__idf_lvgl__lvgl.dir/examples/widgets/image/lv_example_image_3.c.obj
[ 89%] Building C object esp-idf/lvgl__lvgl/CMakeFiles/__idf_lvgl__lvgl.dir/examples/widgets/image/lv_example_image_5.c.obj
[ 89%] Building C object esp-idf/lvgl__lvgl/CMakeFiles/__idf_lvgl__lvgl.dir/examples/widgets/image/lv_example_image_4.c.obj
[ 89%] Building C object esp-idf/lvgl__lvgl/CMakeFiles/__idf_lvgl__lvgl.dir/examples/widgets/imagebutton/lv_example_imagebutton_1.c.obj
[ 89%] Building C object esp-idf/lvgl__lvgl/CMakeFiles/__idf_lvgl__lvgl.dir/examples/widgets/keyboard/lv_example_keyboard_1.c.obj
[ 89%] Building C object esp-idf/lvgl__lvgl/CMakeFiles/__idf_lvgl__lvgl.dir/examples/widgets/keyboard/lv_example_keyboard_2.c.obj
[ 89%] Building C object esp-idf/lvgl__lvgl/CMakeFiles/__idf_lvgl__lvgl.dir/examples/widgets/label/lv_example_label_1.c.obj
[ 89%] Building C object esp-idf/lvgl__lvgl/CMakeFiles/__idf_lvgl__lvgl.dir/examples/widgets/keyboard/lv_example_keyboard_3.c.obj
[ 89%] Building C object esp-idf/lvgl__lvgl/CMakeFiles/__idf_lvgl__lvgl.dir/examples/widgets/label/lv_example_label_2.c.obj
[ 89%] Building C object esp-idf/lvgl__lvgl/CMakeFiles/__idf_lvgl__lvgl.dir/examples/widgets/label/lv_example_label_3.c.obj
[ 89%] Building C object esp-idf/lvgl__lvgl/CMakeFiles/__idf_lvgl__lvgl.dir/examples/widgets/label/lv_example_label_4.c.obj
[ 89%] Building C object esp-idf/lvgl__lvgl/CMakeFiles/__idf_lvgl__lvgl.dir/examples/widgets/label/lv_example_label_5.c.obj
[ 89%] Building C object esp-idf/lvgl__lvgl/CMakeFiles/__idf_lvgl__lvgl.dir/examples/widgets/label/lv_example_label_6.c.obj
[ 89%] Building C object esp-idf/lvgl__lvgl/CMakeFiles/__idf_lvgl__lvgl.dir/examples/widgets/line/lv_example_line_1.c.obj
[ 89%] Building C object esp-idf/lvgl__lvgl/CMakeFiles/__idf_lvgl__lvgl.dir/examples/widgets/led/lv_example_led_1.c.obj
[ 90%] Building C object esp-idf/lvgl__lvgl/CMakeFiles/__idf_lvgl__lvgl.dir/examples/widgets/list/lv_example_list_1.c.obj
[ 90%] Building C object esp-idf/lvgl__lvgl/CMakeFiles/__idf_lvgl__lvgl.dir/examples/widgets/list/lv_example_list_2.c.obj
[ 90%] Building C object esp-idf/lvgl__lvgl/CMakeFiles/__idf_lvgl__lvgl.dir/examples/widgets/lottie/lv_example_lottie_2.c.obj
[ 90%] Building C object esp-idf/lvgl__lvgl/CMakeFiles/__idf_lvgl__lvgl.dir/examples/widgets/lottie/lv_example_lottie_approve.c.obj
[ 90%] Building C object esp-idf/lvgl__lvgl/CMakeFiles/__idf_lvgl__lvgl.dir/examples/widgets/lottie/lv_example_lottie_1.c.obj
[ 90%] Building C object esp-idf/lvgl__lvgl/CMakeFiles/__idf_lvgl__lvgl.dir/examples/widgets/menu/lv_example_menu_1.c.obj
[ 90%] Building C object esp-idf/lvgl__lvgl/CMakeFiles/__idf_lvgl__lvgl.dir/examples/widgets/menu/lv_example_menu_2.c.obj
[ 90%] Building C object esp-idf/lvgl__lvgl/CMakeFiles/__idf_lvgl__lvgl.dir/examples/widgets/menu/lv_example_menu_3.c.obj
[ 90%] Building C object esp-idf/lvgl__lvgl/CMakeFiles/__idf_lvgl__lvgl.dir/examples/widgets/menu/lv_example_menu_4.c.obj
[ 90%] Building C object esp-idf/lvgl__lvgl/CMakeFiles/__idf_lvgl__lvgl.dir/examples/widgets/menu/lv_example_menu_5.c.obj
[ 90%] Building C object esp-idf/lvgl__lvgl/CMakeFiles/__idf_lvgl__lvgl.dir/examples/widgets/msgbox/lv_example_msgbox_2.c.obj
[ 90%] Building C object esp-idf/lvgl__lvgl/CMakeFiles/__idf_lvgl__lvgl.dir/examples/widgets/msgbox/lv_example_msgbox_1.c.obj
[ 90%] Building C object esp-idf/lvgl__lvgl/CMakeFiles/__idf_lvgl__lvgl.dir/examples/widgets/obj/lv_example_obj_1.c.obj
[ 90%] Building C object esp-idf/lvgl__lvgl/CMakeFiles/__idf_lvgl__lvgl.dir/examples/widgets/obj/lv_example_obj_2.c.obj
[ 90%] Building C object esp-idf/lvgl__lvgl/CMakeFiles/__idf_lvgl__lvgl.dir/examples/widgets/obj/lv_example_obj_3.c.obj
[ 90%] Building C object esp-idf/lvgl__lvgl/CMakeFiles/__idf_lvgl__lvgl.dir/examples/widgets/roller/lv_example_roller_2.c.obj
[ 90%] Building C object esp-idf/lvgl__lvgl/CMakeFiles/__idf_lvgl__lvgl.dir/examples/widgets/roller/lv_example_roller_1.c.obj
[ 90%] Building C object esp-idf/lvgl__lvgl/CMakeFiles/__idf_lvgl__lvgl.dir/examples/widgets/roller/lv_example_roller_3.c.obj
[ 90%] Building C object esp-idf/lvgl__lvgl/CMakeFiles/__idf_lvgl__lvgl.dir/examples/widgets/scale/lv_example_scale_10.c.obj
[ 91%] Building C object esp-idf/lvgl__lvgl/CMakeFiles/__idf_lvgl__lvgl.dir/examples/widgets/scale/lv_example_scale_1.c.obj
[ 91%] Building C object esp-idf/lvgl__lvgl/CMakeFiles/__idf_lvgl__lvgl.dir/examples/widgets/scale/lv_example_scale_11.c.obj
[ 91%] Building C object esp-idf/lvgl__lvgl/CMakeFiles/__idf_lvgl__lvgl.dir/examples/widgets/scale/lv_example_scale_2.c.obj
[ 91%] Building C object esp-idf/lvgl__lvgl/CMakeFiles/__idf_lvgl__lvgl.dir/examples/widgets/scale/lv_example_scale_3.c.obj
[ 91%] Building C object esp-idf/lvgl__lvgl/CMakeFiles/__idf_lvgl__lvgl.dir/examples/widgets/scale/lv_example_scale_4.c.obj
[ 91%] Building C object esp-idf/lvgl__lvgl/CMakeFiles/__idf_lvgl__lvgl.dir/examples/widgets/scale/lv_example_scale_5.c.obj
[ 91%] Building C object esp-idf/lvgl__lvgl/CMakeFiles/__idf_lvgl__lvgl.dir/examples/widgets/scale/lv_example_scale_6.c.obj
[ 91%] Building C object esp-idf/lvgl__lvgl/CMakeFiles/__idf_lvgl__lvgl.dir/examples/widgets/scale/lv_example_scale_7.c.obj
[ 91%] Building C object esp-idf/lvgl__lvgl/CMakeFiles/__idf_lvgl__lvgl.dir/examples/widgets/scale/lv_example_scale_8.c.obj
[ 91%] Building C object esp-idf/lvgl__lvgl/CMakeFiles/__idf_lvgl__lvgl.dir/examples/widgets/scale/lv_example_scale_9.c.obj
[ 91%] Building C object esp-idf/lvgl__lvgl/CMakeFiles/__idf_lvgl__lvgl.dir/examples/widgets/slider/lv_example_slider_1.c.obj
[ 91%] Building C object esp-idf/lvgl__lvgl/CMakeFiles/__idf_lvgl__lvgl.dir/examples/widgets/slider/lv_example_slider_2.c.obj
[ 91%] Building C object esp-idf/lvgl__lvgl/CMakeFiles/__idf_lvgl__lvgl.dir/examples/widgets/slider/lv_example_slider_3.c.obj
[ 91%] Building C object esp-idf/lvgl__lvgl/CMakeFiles/__idf_lvgl__lvgl.dir/examples/widgets/slider/lv_example_slider_4.c.obj
[ 91%] Building C object esp-idf/lvgl__lvgl/CMakeFiles/__idf_lvgl__lvgl.dir/examples/widgets/span/lv_example_span_1.c.obj
[ 91%] Building C object esp-idf/lvgl__lvgl/CMakeFiles/__idf_lvgl__lvgl.dir/examples/widgets/spinbox/lv_example_spinbox_1.c.obj
[ 92%] Building C object esp-idf/lvgl__lvgl/CMakeFiles/__idf_lvgl__lvgl.dir/examples/widgets/spinner/lv_example_spinner_1.c.obj
[ 92%] Building C object esp-idf/lvgl__lvgl/CMakeFiles/__idf_lvgl__lvgl.dir/examples/widgets/switch/lv_example_switch_1.c.obj
[ 92%] Building C object esp-idf/lvgl__lvgl/CMakeFiles/__idf_lvgl__lvgl.dir/examples/widgets/table/lv_example_table_1.c.obj
[ 92%] Building C object esp-idf/lvgl__lvgl/CMakeFiles/__idf_lvgl__lvgl.dir/examples/widgets/switch/lv_example_switch_2.c.obj
[ 92%] Building C object esp-idf/lvgl__lvgl/CMakeFiles/__idf_lvgl__lvgl.dir/examples/widgets/table/lv_example_table_2.c.obj
[ 92%] Building C object esp-idf/lvgl__lvgl/CMakeFiles/__idf_lvgl__lvgl.dir/examples/widgets/tabview/lv_example_tabview_2.c.obj
[ 92%] Building C object esp-idf/lvgl__lvgl/CMakeFiles/__idf_lvgl__lvgl.dir/examples/widgets/tabview/lv_example_tabview_1.c.obj
[ 92%] Building C object esp-idf/lvgl__lvgl/CMakeFiles/__idf_lvgl__lvgl.dir/examples/widgets/textarea/lv_example_textarea_1.c.obj
[ 92%] Building C object esp-idf/lvgl__lvgl/CMakeFiles/__idf_lvgl__lvgl.dir/examples/widgets/textarea/lv_example_textarea_2.c.obj
[ 92%] Building C object esp-idf/lvgl__lvgl/CMakeFiles/__idf_lvgl__lvgl.dir/examples/widgets/textarea/lv_example_textarea_3.c.obj
[ 92%] Building C object esp-idf/lvgl__lvgl/CMakeFiles/__idf_lvgl__lvgl.dir/examples/widgets/textarea/lv_example_textarea_4.c.obj
[ 92%] Building C object esp-idf/lvgl__lvgl/CMakeFiles/__idf_lvgl__lvgl.dir/examples/widgets/tileview/lv_example_tileview_1.c.obj
[ 92%] Building C object esp-idf/lvgl__lvgl/CMakeFiles/__idf_lvgl__lvgl.dir/examples/widgets/win/lv_example_win_1.c.obj
[ 92%] Building C object esp-idf/lvgl__lvgl/CMakeFiles/__idf_lvgl__lvgl.dir/demos/widgets/assets/img_clothes.c.obj
[ 92%] Building C object esp-idf/lvgl__lvgl/CMakeFiles/__idf_lvgl__lvgl.dir/demos/widgets/assets/img_demo_widgets_avatar.c.obj
[ 92%] Building C object esp-idf/lvgl__lvgl/CMakeFiles/__idf_lvgl__lvgl.dir/demos/widgets/assets/img_lvgl_logo.c.obj
[ 92%] Building C object esp-idf/lvgl__lvgl/CMakeFiles/__idf_lvgl__lvgl.dir/demos/widgets/assets/img_demo_widgets_needle.c.obj
[ 92%] Building C object esp-idf/lvgl__lvgl/CMakeFiles/__idf_lvgl__lvgl.dir/demos/widgets/lv_demo_widgets.c.obj
[ 92%] Building C object esp-idf/lvgl__lvgl/CMakeFiles/__idf_lvgl__lvgl.dir/demos/benchmark/assets/img_benchmark_lvgl_logo_rgb.c.obj
[ 92%] Building C object esp-idf/lvgl__lvgl/CMakeFiles/__idf_lvgl__lvgl.dir/demos/benchmark/assets/img_benchmark_lvgl_logo_argb.c.obj
[ 93%] Building C object esp-idf/lvgl__lvgl/CMakeFiles/__idf_lvgl__lvgl.dir/demos/benchmark/assets/img_benchmark_avatar.c.obj
[ 93%] Building C object esp-idf/lvgl__lvgl/CMakeFiles/__idf_lvgl__lvgl.dir/demos/benchmark/assets/lv_font_benchmark_montserrat_12_aligned.c.obj
[ 93%] Building C object esp-idf/lvgl__lvgl/CMakeFiles/__idf_lvgl__lvgl.dir/demos/benchmark/assets/lv_font_benchmark_montserrat_14_aligned.c.obj
[ 93%] Building C object esp-idf/lvgl__lvgl/CMakeFiles/__idf_lvgl__lvgl.dir/demos/benchmark/assets/lv_font_benchmark_montserrat_16_aligned.c.obj
[ 93%] Building C object esp-idf/lvgl__lvgl/CMakeFiles/__idf_lvgl__lvgl.dir/demos/benchmark/assets/lv_font_benchmark_montserrat_20_aligned.c.obj
[ 93%] Building C object esp-idf/lvgl__lvgl/CMakeFiles/__idf_lvgl__lvgl.dir/demos/benchmark/assets/lv_font_benchmark_montserrat_18_aligned.c.obj
[ 93%] Building C object esp-idf/lvgl__lvgl/CMakeFiles/__idf_lvgl__lvgl.dir/demos/benchmark/assets/lv_font_benchmark_montserrat_24_aligned.c.obj
[ 93%] Building C object esp-idf/lvgl__lvgl/CMakeFiles/__idf_lvgl__lvgl.dir/demos/benchmark/assets/lv_font_benchmark_montserrat_26_aligned.c.obj
[ 93%] Building C object esp-idf/lvgl__lvgl/CMakeFiles/__idf_lvgl__lvgl.dir/demos/benchmark/lv_demo_benchmark.c.obj
[ 93%] Building C object esp-idf/lvgl__lvgl/CMakeFiles/__idf_lvgl__lvgl.dir/demos/stress/lv_demo_stress.c.obj
[ 93%] Building C object esp-idf/lvgl__lvgl/CMakeFiles/__idf_lvgl__lvgl.dir/demos/music/assets/img_lv_demo_music_btn_corner_large.c.obj
[ 93%] Building C object esp-idf/lvgl__lvgl/CMakeFiles/__idf_lvgl__lvgl.dir/demos/music/assets/img_lv_demo_music_btn_list_pause.c.obj
[ 93%] Building C object esp-idf/lvgl__lvgl/CMakeFiles/__idf_lvgl__lvgl.dir/demos/music/assets/img_lv_demo_music_btn_list_pause_large.c.obj
[ 93%] Building C object esp-idf/lvgl__lvgl/CMakeFiles/__idf_lvgl__lvgl.dir/demos/music/assets/img_lv_demo_music_btn_list_play_large.c.obj
[ 93%] Building C object esp-idf/lvgl__lvgl/CMakeFiles/__idf_lvgl__lvgl.dir/demos/music/assets/img_lv_demo_music_btn_list_play.c.obj
[ 93%] Building C object esp-idf/lvgl__lvgl/CMakeFiles/__idf_lvgl__lvgl.dir/demos/music/assets/img_lv_demo_music_btn_loop.c.obj
[ 94%] Building C object esp-idf/lvgl__lvgl/CMakeFiles/__idf_lvgl__lvgl.dir/demos/music/assets/img_lv_demo_music_btn_loop_large.c.obj
[ 94%] Building C object esp-idf/lvgl__lvgl/CMakeFiles/__idf_lvgl__lvgl.dir/demos/music/assets/img_lv_demo_music_btn_next.c.obj
[ 94%] Building C object esp-idf/lvgl__lvgl/CMakeFiles/__idf_lvgl__lvgl.dir/demos/music/assets/img_lv_demo_music_btn_next_large.c.obj
[ 94%] Building C object esp-idf/lvgl__lvgl/CMakeFiles/__idf_lvgl__lvgl.dir/demos/music/assets/img_lv_demo_music_btn_pause.c.obj
[ 94%] Building C object esp-idf/lvgl__lvgl/CMakeFiles/__idf_lvgl__lvgl.dir/demos/music/assets/img_lv_demo_music_btn_pause_large.c.obj
[ 94%] Building C object esp-idf/lvgl__lvgl/CMakeFiles/__idf_lvgl__lvgl.dir/demos/music/assets/img_lv_demo_music_btn_play.c.obj
[ 94%] Building C object esp-idf/lvgl__lvgl/CMakeFiles/__idf_lvgl__lvgl.dir/demos/music/assets/img_lv_demo_music_btn_play_large.c.obj
/home/erbj/lvgl-projects/lvgl_esp32_template/managed_components/lvgl__lvgl/demos/benchmark/lv_demo_benchmark.c:34:6: warning: #warning "It's recommended to have at least 128kB RAM for the benchmark" [-Wcpp]
   34 |     #warning "It's recommended to have at least 128kB RAM for the benchmark"
      |      ^~~~~~~
[ 94%] Building C object esp-idf/lvgl__lvgl/CMakeFiles/__idf_lvgl__lvgl.dir/demos/music/assets/img_lv_demo_music_btn_prev_large.c.obj
[ 94%] Building C object esp-idf/lvgl__lvgl/CMakeFiles/__idf_lvgl__lvgl.dir/demos/music/assets/img_lv_demo_music_btn_rnd_large.c.obj
[ 94%] Building C object esp-idf/lvgl__lvgl/CMakeFiles/__idf_lvgl__lvgl.dir/demos/music/assets/img_lv_demo_music_btn_rnd.c.obj
[ 94%] Building C object esp-idf/lvgl__lvgl/CMakeFiles/__idf_lvgl__lvgl.dir/demos/music/assets/img_lv_demo_music_btn_prev.c.obj
[ 94%] Building C object esp-idf/lvgl__lvgl/CMakeFiles/__idf_lvgl__lvgl.dir/demos/music/assets/img_lv_demo_music_corner_left.c.obj
[ 94%] Building C object esp-idf/lvgl__lvgl/CMakeFiles/__idf_lvgl__lvgl.dir/demos/music/assets/img_lv_demo_music_corner_left_large.c.obj
[ 94%] Building C object esp-idf/lvgl__lvgl/CMakeFiles/__idf_lvgl__lvgl.dir/demos/music/assets/img_lv_demo_music_corner_right.c.obj
[ 94%] Building C object esp-idf/lvgl__lvgl/CMakeFiles/__idf_lvgl__lvgl.dir/demos/music/assets/img_lv_demo_music_cover_1.c.obj
[ 94%] Building C object esp-idf/lvgl__lvgl/CMakeFiles/__idf_lvgl__lvgl.dir/demos/music/assets/img_lv_demo_music_corner_right_large.c.obj
[ 94%] Building C object esp-idf/lvgl__lvgl/CMakeFiles/__idf_lvgl__lvgl.dir/demos/music/assets/img_lv_demo_music_cover_1_large.c.obj
[ 95%] Building C object esp-idf/lvgl__lvgl/CMakeFiles/__idf_lvgl__lvgl.dir/demos/music/assets/img_lv_demo_music_cover_2_large.c.obj
[ 95%] Building C object esp-idf/lvgl__lvgl/CMakeFiles/__idf_lvgl__lvgl.dir/demos/music/assets/img_lv_demo_music_cover_2.c.obj
[ 95%] Building C object esp-idf/lvgl__lvgl/CMakeFiles/__idf_lvgl__lvgl.dir/demos/music/assets/img_lv_demo_music_cover_3_large.c.obj
[ 95%] Building C object esp-idf/lvgl__lvgl/CMakeFiles/__idf_lvgl__lvgl.dir/demos/music/assets/img_lv_demo_music_cover_3.c.obj
[ 95%] Building C object esp-idf/lvgl__lvgl/CMakeFiles/__idf_lvgl__lvgl.dir/demos/music/assets/img_lv_demo_music_icon_1_large.c.obj
[ 95%] Building C object esp-idf/lvgl__lvgl/CMakeFiles/__idf_lvgl__lvgl.dir/demos/music/assets/img_lv_demo_music_icon_1.c.obj
[ 95%] Building C object esp-idf/lvgl__lvgl/CMakeFiles/__idf_lvgl__lvgl.dir/demos/music/assets/img_lv_demo_music_icon_2.c.obj
[ 95%] Building C object esp-idf/lvgl__lvgl/CMakeFiles/__idf_lvgl__lvgl.dir/demos/music/assets/img_lv_demo_music_icon_2_large.c.obj
[ 95%] Building C object esp-idf/lvgl__lvgl/CMakeFiles/__idf_lvgl__lvgl.dir/demos/music/assets/img_lv_demo_music_icon_3_large.c.obj
[ 95%] Building C object esp-idf/lvgl__lvgl/CMakeFiles/__idf_lvgl__lvgl.dir/demos/music/assets/img_lv_demo_music_icon_3.c.obj
[ 95%] Building C object esp-idf/lvgl__lvgl/CMakeFiles/__idf_lvgl__lvgl.dir/demos/music/assets/img_lv_demo_music_icon_4.c.obj
[ 95%] Building C object esp-idf/lvgl__lvgl/CMakeFiles/__idf_lvgl__lvgl.dir/demos/music/assets/img_lv_demo_music_icon_4_large.c.obj
[ 95%] Building C object esp-idf/lvgl__lvgl/CMakeFiles/__idf_lvgl__lvgl.dir/demos/music/assets/img_lv_demo_music_list_border.c.obj
[ 95%] Building C object esp-idf/lvgl__lvgl/CMakeFiles/__idf_lvgl__lvgl.dir/demos/music/assets/img_lv_demo_music_list_border_large.c.obj
[ 95%] Building C object esp-idf/lvgl__lvgl/CMakeFiles/__idf_lvgl__lvgl.dir/demos/music/assets/img_lv_demo_music_logo.c.obj
[ 95%] Building C object esp-idf/lvgl__lvgl/CMakeFiles/__idf_lvgl__lvgl.dir/demos/music/assets/img_lv_demo_music_slider_knob.c.obj
[ 95%] Building C object esp-idf/lvgl__lvgl/CMakeFiles/__idf_lvgl__lvgl.dir/demos/music/assets/img_lv_demo_music_slider_knob_large.c.obj
[ 95%] Building C object esp-idf/lvgl__lvgl/CMakeFiles/__idf_lvgl__lvgl.dir/demos/music/assets/img_lv_demo_music_wave_bottom.c.obj
[ 95%] Building C object esp-idf/lvgl__lvgl/CMakeFiles/__idf_lvgl__lvgl.dir/demos/music/assets/img_lv_demo_music_wave_bottom_large.c.obj
[ 96%] Building C object esp-idf/lvgl__lvgl/CMakeFiles/__idf_lvgl__lvgl.dir/demos/music/assets/img_lv_demo_music_wave_top.c.obj
[ 96%] Building C object esp-idf/lvgl__lvgl/CMakeFiles/__idf_lvgl__lvgl.dir/demos/music/lv_demo_music_list.c.obj
[ 96%] Building C object esp-idf/lvgl__lvgl/CMakeFiles/__idf_lvgl__lvgl.dir/demos/music/lv_demo_music.c.obj
[ 96%] Building C object esp-idf/lvgl__lvgl/CMakeFiles/__idf_lvgl__lvgl.dir/demos/music/assets/img_lv_demo_music_wave_top_large.c.obj
[ 96%] Building C object esp-idf/lvgl__lvgl/CMakeFiles/__idf_lvgl__lvgl.dir/demos/music/lv_demo_music_main.c.obj
[ 96%] Linking C static library liblvgl__lvgl.a
[ 96%] Built target __idf_lvgl__lvgl
[ 96%] Building C object esp-idf/main/CMakeFiles/__idf_main.dir/user_service.c.obj
[ 96%] Building C object esp-idf/main/CMakeFiles/__idf_main.dir/user_mgmt_ui.c.obj
[ 96%] Building C object esp-idf/main/CMakeFiles/__idf_main.dir/user_store.c.obj
[ 96%] Building C object esp-idf/main/CMakeFiles/__idf_main.dir/lvgl_port.c.obj
[ 96%] Building C object esp-idf/main/CMakeFiles/__idf_main.dir/ch422g_driver.c.obj
[ 96%] Building C object esp-idf/main/CMakeFiles/__idf_main.dir/devices/hlk_tx510_device.c.obj
[ 96%] Building C object esp-idf/main/CMakeFiles/__idf_main.dir/services/auth_service.c.obj
[ 96%] Building C object esp-idf/main/CMakeFiles/__idf_main.dir/i2c_bus.c.obj
[ 96%] Building C object esp-idf/main/CMakeFiles/__idf_main.dir/services/fingerprint_service.c.obj
[ 96%] Building C object esp-idf/main/CMakeFiles/__idf_main.dir/main.c.obj
[ 96%] Building C object esp-idf/main/CMakeFiles/__idf_main.dir/rtc_diagnostic.c.obj
[ 96%] Building C object esp-idf/main/CMakeFiles/__idf_main.dir/devices/r503_device.c.obj
[ 96%] Building C object esp-idf/main/CMakeFiles/__idf_main.dir/services/battery_service.c.obj
[ 97%] Building C object esp-idf/main/CMakeFiles/__idf_main.dir/devices/status_inputs.c.obj
[ 97%] Building C object esp-idf/main/CMakeFiles/__idf_main.dir/comm/sc16is752_transport.c.obj
[ 97%] Building C object esp-idf/main/CMakeFiles/__idf_main.dir/devices/pca9685_device.c.obj
[ 97%] Building C object esp-idf/main/CMakeFiles/__idf_main.dir/waveshare_rgb_lcd_port.c.obj
[ 97%] Building C object esp-idf/main/CMakeFiles/__idf_main.dir/services/status_service.c.obj
[ 97%] Building C object esp-idf/main/CMakeFiles/__idf_main.dir/services/lock_service.c.obj
[ 97%] Building C object esp-idf/main/CMakeFiles/__idf_main.dir/services/session_service.c.obj
[ 97%] Building C object esp-idf/main/CMakeFiles/__idf_main.dir/services/face_service.c.obj
[ 97%] Building C object esp-idf/main/CMakeFiles/__idf_main.dir/services/sleep_service.c.obj
[ 97%] Building C object esp-idf/main/CMakeFiles/__idf_main.dir/ui/ui.c.obj
[ 97%] Building C object esp-idf/main/CMakeFiles/__idf_main.dir/app/lockbox_app.c.obj
[ 97%] Building C object esp-idf/main/CMakeFiles/__idf_main.dir/ui/screens/ui_screen_main.c.obj
[ 97%] Building C object esp-idf/main/CMakeFiles/__idf_main.dir/ui/screens/ui_screen_start.c.obj
[ 97%] Building C object esp-idf/main/CMakeFiles/__idf_main.dir/ui/screens/ui_screen_biometric.c.obj
/home/erbj/lvgl-projects/lvgl_esp32_template/main/devices/pca9685_device.c:138:13: warning: 'servo_sweep_task' defined but not used [-Wunused-function]
  138 | static void servo_sweep_task(void *arg)
      |             ^~~~~~~~~~~~~~~~
/home/erbj/lvgl-projects/lvgl_esp32_template/main/devices/pca9685_device.c:91:18: warning: 'pca9685_set_frequency' defined but not used [-Wunused-function]
   91 | static esp_err_t pca9685_set_frequency(uint16_t freq_hz)
      |                  ^~~~~~~~~~~~~~~~~~~~~
/home/erbj/lvgl-projects/lvgl_esp32_template/main/devices/pca9685_device.c:38:18: warning: 'ensure_i2c_ready' defined but not used [-Wunused-function]
   38 | static esp_err_t ensure_i2c_ready(void)
      |                  ^~~~~~~~~~~~~~~~
/home/erbj/lvgl-projects/lvgl_esp32_template/main/comm/sc16is752_transport.c:317:18: warning: 'sc16is752_transport_read_timed' defined but not used [-Wunused-function]
  317 | static esp_err_t sc16is752_transport_read_timed(lockbox_comm_channel_t channel,
      |                  ^~~~~~~~~~~~~~~~~~~~~~~~~~~~~~
/home/erbj/lvgl-projects/lvgl_esp32_template/main/comm/sc16is752_transport.c:150:18: warning: 'configure_sc16_uart' defined but not used [-Wunused-function]
  150 | static esp_err_t configure_sc16_uart(uint8_t sc16_channel, uint32_t baud_rate)
      |                  ^~~~~~~~~~~~~~~~~~~
/home/erbj/lvgl-projects/lvgl_esp32_template/main/comm/sc16is752_transport.c:133:18: warning: 'wait_for_tx_complete' defined but not used [-Wunused-function]
  133 | static esp_err_t wait_for_tx_complete(uint8_t sc16_channel, int timeout_ms)
      |                  ^~~~~~~~~~~~~~~~~~~~
/home/erbj/lvgl-projects/lvgl_esp32_template/main/comm/sc16is752_transport.c:116:18: warning: 'wait_for_tx_ready' defined but not used [-Wunused-function]
  116 | static esp_err_t wait_for_tx_ready(uint8_t sc16_channel, int timeout_ms)
      |                  ^~~~~~~~~~~~~~~~~
/home/erbj/lvgl-projects/lvgl_esp32_template/main/comm/sc16is752_transport.c:55:18: warning: 'ensure_i2c_ready' defined but not used [-Wunused-function]
   55 | static esp_err_t ensure_i2c_ready(void)
      |                  ^~~~~~~~~~~~~~~~
[ 97%] Building C object esp-idf/main/CMakeFiles/__idf_main.dir/ui/screens/ui_screen_fpscan.c.obj
[ 97%] Building C object esp-idf/main/CMakeFiles/__idf_main.dir/ui/screens/ui_screen_facescan.c.obj
[ 97%] Building C object esp-idf/main/CMakeFiles/__idf_main.dir/ui/screens/ui_screen_get_pin.c.obj
[ 97%] Building C object esp-idf/main/CMakeFiles/__idf_main.dir/ui/screens/ui_screen_change_pin.c.obj
[ 98%] Building C object esp-idf/main/CMakeFiles/__idf_main.dir/ui/screens/ui_screen_home.c.obj
[ 98%] Building C object esp-idf/main/CMakeFiles/__idf_main.dir/ui/screens/ui_screen_enroll.c.obj
[ 98%] Building C object esp-idf/main/CMakeFiles/__idf_main.dir/ui/screens/ui_screen_rtc_date.c.obj
[ 98%] Building C object esp-idf/main/CMakeFiles/__idf_main.dir/ui/screens/ui_screen_fp_manage.c.obj
[ 98%] Building C object esp-idf/main/CMakeFiles/__idf_main.dir/devices/ina219_monitor.c.obj
[ 98%] Building C object esp-idf/main/CMakeFiles/__idf_main.dir/devices/ds3231_rtc.c.obj
[ 98%] Building C object esp-idf/main/CMakeFiles/__idf_main.dir/sd/sd_card.c.obj
/home/erbj/lvgl-projects/lvgl_esp32_template/main/user_mgmt_ui.c:48:18: warning: 's_current_textarea' defined but not used [-Wunused-variable]
   48 | static lv_obj_t *s_current_textarea = NULL;
      |                  ^~~~~~~~~~~~~~~~~~
/home/erbj/lvgl-projects/lvgl_esp32_template/main/user_mgmt_ui.c:47:18: warning: 's_keyboard' defined but not used [-Wunused-variable]
   47 | static lv_obj_t *s_keyboard = NULL;
      |                  ^~~~~~~~~~
/home/erbj/lvgl-projects/lvgl_esp32_template/main/lvgl_port.c: In function 'touchpad_read':
/home/erbj/lvgl-projects/lvgl_esp32_template/main/lvgl_port.c:453:5: warning: 'esp_lcd_touch_get_coordinates' is deprecated: This API will be removed in version 2.0.0. Use esp_lcd_touch_get_data instead! [-Wdeprecated-declarations]
  453 |     bool touchpad_pressed = esp_lcd_touch_get_coordinates(tp, &touchpad_x, &touchpad_y, NULL, &touchpad_cnt, 1); // Get touch coordinates
      |     ^~~~
In file included from /home/erbj/lvgl-projects/lvgl_esp32_template/main/lvgl_port.c:12:
/home/erbj/lvgl-projects/lvgl_esp32_template/managed_components/espressif__esp_lcd_touch/include/esp_lcd_touch.h:317:6: note: declared here
  317 | bool esp_lcd_touch_get_coordinates(esp_lcd_touch_handle_t tp, uint16_t *x, uint16_t *y, uint16_t *strength, uint8_t *point_num, uint8_t max_point_num);
      |      ^~~~~~~~~~~~~~~~~~~~~~~~~~~~~
[ 98%] Building C object esp-idf/main/CMakeFiles/__idf_main.dir/cJSON/cJSON.c.obj
[ 98%] Building C object esp-idf/main/CMakeFiles/__idf_main.dir/services/ina219_service.c.obj
[ 98%] Building C object esp-idf/main/CMakeFiles/__idf_main.dir/services/ds3231_service.c.obj
/home/erbj/lvgl-projects/lvgl_esp32_template/main/ui/screens/ui_screen_rtc_date.c: In function 'ui_screen_rtc_date_create':
/home/erbj/lvgl-projects/lvgl_esp32_template/main/ui/screens/ui_screen_rtc_date.c:467:9: error: implicit declaration of function 'load_rtc_and_update_display' [-Werror=implicit-function-declaration]
  467 |         load_rtc_and_update_display();       /* reload RTC values on each open */
      |         ^~~~~~~~~~~~~~~~~~~~~~~~~~~
/home/erbj/lvgl-projects/lvgl_esp32_template/main/ui/screens/ui_screen_rtc_date.c: At top level:
/home/erbj/lvgl-projects/lvgl_esp32_template/main/ui/screens/ui_screen_rtc_date.c:82:13: warning: 'load_rtc_datetime' declared 'static' but never defined [-Wunused-function]
   82 | static void load_rtc_datetime(void);
      |             ^~~~~~~~~~~~~~~~~
/home/erbj/lvgl-projects/lvgl_esp32_template/main/ui/screens/ui_screen_rtc_date.c:324:13: warning: 'apply_timer_cb' defined but not used [-Wunused-function]
  324 | static void apply_timer_cb(lv_timer_t *timer)
      |             ^~~~~~~~~~~~~~
/home/erbj/lvgl-projects/lvgl_esp32_template/main/ui/screens/ui_screen_rtc_date.c:302:13: warning: 'create_toast' defined but not used [-Wunused-function]
  302 | static void create_toast(const char *text, int timeout_ms)
      |             ^~~~~~~~~~~~
/home/erbj/lvgl-projects/lvgl_esp32_template/main/ui/screens/ui_screen_rtc_date.c:224:13: warning: 'reset_all' defined but not used [-Wunused-function]
  224 | static void reset_all(void)
      |             ^~~~~~~~~
/home/erbj/lvgl-projects/lvgl_esp32_template/main/ui/screens/ui_screen_rtc_date.c:92:12: warning: 'field_filled' defined but not used [-Wunused-function]
   92 | static int field_filled(int idx)
      |            ^~~~~~~~~~~~
cc1: some warnings being treated as errors
make[2]: *** [esp-idf/main/CMakeFiles/__idf_main.dir/build.make:552: esp-idf/main/CMakeFiles/__idf_main.dir/ui/screens/ui_screen_rtc_date.c.obj] Error 1
make[2]: *** Waiting for unfinished jobs....
make[1]: *** [CMakeFiles/Makefile2:4944: esp-idf/main/CMakeFiles/__idf_main.dir/all] Error 2
make: *** [Makefile:136: all] Error 2
make failed with exit code 2, output of the command is in the /home/erbj/lvgl-projects/lvgl_esp32_template/build/log/idf_py_stderr_output_582116 and /home/erbj/lvgl-projects/lvgl_esp32_template/build/log/idf_py_stdout_output_582116
